CodigoInstitucion,NombreInstitucion,TipoDeSede,Sector,NombreCaracterAcademico,DepartamentoDomicilio,NombreMunicipioPrograma,DireccionDomicilio,TelefonoDomicilio,NombreEstadoPrograma,PaginaWeb
1101,UNIVERSIDAD NACIONAL DE COLOMBIA,Principal,Oficial,Universidad,Bogotá D.C.,"Bogotá, D.C.",Carrera 45 #26 - 85,3165000,Activa en la Fecha de Actualizacion,www.unal.edu.co
1102,UNIVERSIDAD NACIONAL DE COLOMBIA,Seccional,Oficial,Universidad,Antioquia,Medellín,"Calle 59A No 63 - 20, Núcleo El Volador",4309000,Activa en la Fecha de Actualizacion,www.medellin.unal.edu.co
1103,UNIVERSIDAD NACIONAL DE COLOMBIA,Seccional,Oficial,Universidad,Caldas,Manizales,Carrera 27 No. 64-60,8879300,Activa en la Fecha de Actualizacion,www.manizales.unal.edu.co
1104,UNIVERSIDAD NACIONAL DE COLOMBIA,Seccional,Oficial,Universidad,Valle del Cauca,Palmira,"Carrera 32 No 12 - 00 Chapinero, Vía Candelaria",2868888,Activa en la Fecha de Actualizacion,www.palmira.unal.edu.co
1105,UNIVERSIDAD PEDAGOGICA NACIONAL,Principal,Oficial,Universidad,Bogotá D.C.,"Bogotá, D.C.",Calle  73  No.11-95,3471190,Activa en la Fecha de Actualizacion,www.pedagogica.edu.co
1106,UNIVERSIDAD PEDAGOGICA Y TECNOLOGICA DE COLOMBIA - UPTC,Principal,Oficial,Universidad,Boyacá,Tunja,Avenida Central del Norte 39-115,7422175,Activa en la Fecha de Actualizacion,www.uptc.edu.co
1107,UNIVERSIDAD PEDAGOGICA Y TECNOLOGICA DE COLOMBIA - UPTC,Seccional,Oficial,Universidad,Boyacá,Duitama,Carrera 18 Calle 23,604100,Activa en la Fecha de Actualizacion,www.uptc.edu.co
1108,UNIVERSIDAD PEDAGOGICA Y TECNOLOGICA DE COLOMBIA - UPTC,Seccional,Oficial,Universidad,Boyacá,Sogamoso,Calle 4 Sur No. 15-134,701693,Activa en la Fecha de Actualizacion,www.uptc.edu.co
1109,UNIVERSIDAD PEDAGOGICA Y TECNOLOGICA DE COLOMBIA - UPTC,Seccional,Oficial,Universidad,Boyacá,Chiquinquirá,Calle 14A No. 2-37,262598,Activa en la Fecha de Actualizacion,www.uptc.edu.co
1110,UNIVERSIDAD DEL CAUCA,Principal,Oficial,Universidad,Cauca,Popayán,"Claustro de Santo Domingo, Calle 5 No. 4-70",8209900,Activa en la Fecha de Actualizacion,www.unicauca.edu.co
1111,UNIVERSIDAD TECNOLOGICA DE PEREIRA - UTP,Principal,Oficial,Universidad,Risaralda,Pereira,Carrera 27 #10-02,3215693,Activa en la Fecha de Actualizacion,www.utp.edu.co
1112,UNIVERSIDAD DE CALDAS,Principal,Oficial,Universidad,Caldas,Manizales,Calle 65  26-10,8861250,Activa en la Fecha de Actualizacion,www.ucaldas.edu.co
1113,UNIVERSIDAD DE CORDOBA,Principal,Oficial,Universidad,Córdoba,Montería,Carrera 6 No. 77-305,7860300,Activa en la Fecha de Actualizacion,www.unicordoba.edu.co
1114,UNIVERSIDAD SURCOLOMBIANA,Principal,Oficial,Universidad,Huila,Neiva,Avenida Pastrana Borrero Carrera 1,8754753,Activa en la Fecha de Actualizacion,www.usco.edu.co
1115,UNIVERSIDAD DE LA AMAZONIA,Principal,Oficial,Universidad,Caquetá,Florencia,"Avenida Circunvalar, Barrio Porvenir",4352905,Activa en la Fecha de Actualizacion,www.uniamazonia.edu.co
1117,UNIVERSIDAD MILITAR-NUEVA GRANADA,Principal,Oficial,Universidad,Bogotá D.C.,"Bogotá, D.C.",Carrera 11 No. 101-80,2159689,Activa en la Fecha de Actualizacion,www.umng.edu.co
1118,UNIVERSIDAD TECNOLOGICA DEL CHOCO-DIEGO LUIS CORDOBA,Principal,Oficial,Universidad,Chocó,Quibdó,Ciudadela Universitaria Barrio Nicolas Medrano,6710237,Activa en la Fecha de Actualizacion,www.utch.edu.co
1119,UNIVERSIDAD DE LOS LLANOS,Principal,Oficial,Universidad,Meta,Villavicencio,"Kilómetro 12 Vía Puerto López, Vereda Barcelona",6616800,Activa en la Fecha de Actualizacion,www.rectoria@unillanos.edu.co
1120,UNIVERSIDAD POPULAR DEL CESAR,Principal,Oficial,Universidad,Cesar,Valledupar,Sede Balneario Hurtado,5843517,Activa en la Fecha de Actualizacion,www.unicesar.edu.co
1121,UNIVERSIDAD-COLEGIO MAYOR DE CUNDINAMARCA,Principal,Oficial,Universidad,Bogotá D.C.,"Bogotá, D.C.",Clle 28 No. 6-02,2418800,Activa en la Fecha de Actualizacion,www.unicolmayor.edu.co
1122,UNIVERSIDAD DEL PACIFICO,Principal,Oficial,Universidad,Valle del Cauca,Buenaventura,Avenida Simón Bolivar 54A-10,2449675,Activa en la Fecha de Actualizacion,www.unipacifico.edu.co
1123,UNIVERSIDAD POPULAR DEL CESAR,Seccional,Oficial,Universidad,Cesar,Aguachica,Cra. 40 vía al Mar,5654900,Activa en la Fecha de Actualizacion,www.unicesar.edu.co
1124,UNIVERSIDAD NACIONAL DE COLOMBIA,Seccional,Oficial,Universidad,Arauca,Arauca,Kilómetro 9 vía a Caño Limón,8853004,Activa en la Fecha de Actualizacion,www.arauca.unal.edu.co
1125,UNIVERSIDAD NACIONAL DE COLOMBIA,Seccional,Oficial,Universidad,Amazonas,Leticia,km 2 Via Leticia - Tarapaca,5927254,Activa en la Fecha de Actualizacion,www.imani.unal.edu.co
1126,UNIVERSIDAD NACIONAL DE COLOMBIA,Seccional,Oficial,Universidad,"Archipiélago de San Andrés, Providencia y Santa Catalina",San Andrés,Carretera Circunvalar San Luis,5133310,Activa en la Fecha de Actualizacion,www.caribe.unal.edu.co
1201,UNIVERSIDAD DE ANTIOQUIA,Principal,Oficial,Universidad,Antioquia,Medellín,CLLE 67 No. 51 - 08,2128332,Activa en la Fecha de Actualizacion,www.udea.edu.co
1202,UNIVERSIDAD DEL ATLANTICO,Principal,Oficial,Universidad,Atlántico,Puerto Colombia,CARRERA 30 No. 8 - 49 PUERTO COLOMBIA - ATLÁNTICO,3162666,Activa en la Fecha de Actualizacion,www.uniatlantico.edu.co
1203,UNIVERSIDAD DEL VALLE,Principal,Oficial,Universidad,Valle del Cauca,Cali,"Ciudad Universitaria Melendez, Calle 13 100-00",3212100,Activa en la Fecha de Actualizacion,www.univalle.edu.co
1204,UNIVERSIDAD INDUSTRIAL DE SANTANDER,Principal,Oficial,Universidad,Santander,Bucaramanga,Ciudad Universitaria Carrera 27 Calle 9,6344000,Activa en la Fecha de Actualizacion,www.uis.edu.co
1205,UNIVERSIDAD DE CARTAGENA,Principal,Oficial,Universidad,Bolívar,Cartagena de Indias,Centro Carrera 6 No. 36-100,6600676,Activa en la Fecha de Actualizacion,www.unicartagena.edu.co
1206,UNIVERSIDAD DE NARIÑO,Principal,Oficial,Universidad,Nariño,Pasto,"Torobajo, Carrera 22 No. 18-109",7313604,Activa en la Fecha de Actualizacion,www.udenar.edu.co
1207,UNIVERSIDAD DEL TOLIMA,Principal,Oficial,Universidad,Tolima,Ibagué,Barrio Santa Elena,2644219,Activa en la Fecha de Actualizacion,www.ut.edu.co
1208,UNIVERSIDAD DEL QUINDIO,Principal,Oficial,Universidad,Quindío,Armenia,Carrera 15 Calle 12 Norte,7460103,Activa en la Fecha de Actualizacion,www.uniquindio.edu.co
1209,UNIVERSIDAD FRANCISCO DE PAULA SANTANDER,Principal,Oficial,Universidad,Norte de Santander,San José de Cúcuta,Avenida Gran Colombia No. 12E-96,5753172,Activa en la Fecha de Actualizacion,www.ufps.edu.co
1210,UNIVERSIDAD FRANCISCO DE PAULA SANTANDER,Seccional,Oficial,Universidad,Norte de Santander,Ocaña,Via El Algodonal,5692199,Activa en la Fecha de Actualizacion,www.ufpso.edu.co
1212,UNIVERSIDAD DE PAMPLONA,Principal,Oficial,Universidad,Norte de Santander,Pamplona,"Ciudad Universitaria, Km.1 vía a Bucaramanga",6853003,Activa en la Fecha de Actualizacion,www.unipamplona.edu.co
1213,UNIVERSIDAD DEL MAGDALENA - UNIMAGDALENA,Principal,Oficial,Universidad,Magdalena,Santa Marta,Carrera 32 22-08 Sector San Pedro Alejandrino,4301292,Activa en la Fecha de Actualizacion,https://unimagdalena.edu.co
1214,UNIVERSIDAD DE CUNDINAMARCA-UDEC,Principal,Oficial,Universidad,Cundinamarca,Fusagasugá,Diagonal 18 No. 20-29,8281483,Activa en la Fecha de Actualizacion,www.ucundinamarca.edu.co
1215,UNIVERSIDAD DE CUNDINAMARCA-UDEC,Seccional,Oficial,Universidad,Cundinamarca,Girardot,Calle 19 24-209,8335071,Activa en la Fecha de Actualizacion,www.ucundinamarca.edu.co
1216,UNIVERSIDAD DE CUNDINAMARCA-UDEC,Seccional,Oficial,Universidad,Cundinamarca,Villa de San Diego de Ubaté,Calle 16 No. 9-80,8553055,Activa en la Fecha de Actualizacion,www.ucundinamarca.edu.co
1217,UNIVERSIDAD DE SUCRE,Principal,Oficial,Universidad,Sucre,Sincelejo,Carrera 28 No. 5 - 267,2821240,Activa en la Fecha de Actualizacion,www.unisucre.edu.co
1218,UNIVERSIDAD DE LA GUAJIRA,Principal,Oficial,Universidad,La Guajira,Riohacha,Kilómetro 5 vía a Maicao,7822729,Activa en la Fecha de Actualizacion,www.uniguajira.edu.co
1219,UNIVERSIDAD DE ANTIOQUIA,Seccional,Oficial,Universidad,Antioquia,El Carmen de Viboral,"Km 6 Vía Rionegro, La Ceja, El Tambo Jurisdicción El Carmen de Viboral",5311177,Activa en la Fecha de Actualizacion,www.udea.edu.co
1220,UNIVERSIDAD DE ANTIOQUIA,Seccional,Oficial,Universidad,Antioquia,Andes,Km. 4 Salida Medellín Vereda Campamento,8418052,Activa en la Fecha de Actualizacion,www.udea.edu.co
1221,UNIVERSIDAD DE ANTIOQUIA,Seccional,Oficial,Universidad,Antioquia,Caucasia,Liceo Municipal Caucasia Carretera.TR Av. Pajonal,8395350,Activa en la Fecha de Actualizacion,www.udea.edu.co
1222,UNIVERSIDAD DE ANTIOQUIA,Seccional,Oficial,Universidad,Antioquia,Puerto Berrío,Salida Medellín Barrio Cacique,8333522,Activa en la Fecha de Actualizacion,www.udea.edu.co
1223,UNIVERSIDAD DE ANTIOQUIA,Seccional,Oficial,Universidad,Antioquia,Turbo,Calle 104 entre Carreras 18 A - 19 B.Jesús,8272588,Activa en la Fecha de Actualizacion,www.udea.edu.co
1301,UNIVERSIDAD DISTRITAL-FRANCISCO JOSE DE CALDAS,Principal,Oficial,Universidad,Bogotá D.C.,"Bogotá, D.C.",Carrera 7 No. 40-53,3239300,Activa en la Fecha de Actualizacion,www.udistrital.edu.co
1701,PONTIFICIA UNIVERSIDAD JAVERIANA,Principal,Privado,Universidad,Bogotá D.C.,"Bogotá, D.C.",Carrera 7  40-62,3208130,Activa en la Fecha de Actualizacion,www.javeriana.edu.co
1702,PONTIFICIA UNIVERSIDAD JAVERIANA,Seccional,Privado,Universidad,Valle del Cauca,Cali,Clle 18 No. 118-250 Av Cañasgordas,3218200,Activa en la Fecha de Actualizacion,www.puj.edu.co
1703,UNIVERSIDAD INCCA DE COLOMBIA,Principal,Privado,Universidad,Bogotá D.C.,"Bogotá, D.C.",Carrera 13 No. 24-15,4442000,Activa en la Fecha de Actualizacion,www.unincca.edu.co
1704,UNIVERSIDAD SANTO TOMAS,Principal,Privado,Universidad,Bogotá D.C.,"Bogotá, D.C.","Sede Ppal Carrera 9  51-11, Sede Norte Cra.10 72-50",5878797,Activa en la Fecha de Actualizacion,www.usta.edu.co
1705,UNIVERSIDAD SANTO TOMAS,Seccional,Privado,Universidad,Santander,Bucaramanga,Carrera 18 No. 9-27,6716482,Activa en la Fecha de Actualizacion,www.ustabuca.edu.co
1706,UNIVERSIDAD EXTERNADO DE COLOMBIA,Principal,Privado,Universidad,Bogotá D.C.,"Bogotá, D.C.",Calle 12 No. 1-17 Este,3420288,Activa en la Fecha de Actualizacion,www.uexternado.edu.co
1707,FUNDACION UNIVERSIDAD DE BOGOTA - JORGE TADEO LOZANO,Principal,Privado,Universidad,Bogotá D.C.,"Bogotá, D.C.",Carrera 4  22-61,3341777,Activa en la Fecha de Actualizacion,www.utadeo.edu.co
1708,FUNDACION UNIVERSIDAD DE BOGOTA - JORGE TADEO LOZANO,Seccional,Privado,Universidad,Bolívar,Cartagena de Indias,Zona Norte Anillo Vial kilómetro 13,6600578,Activa en la Fecha de Actualizacion,www.utadeo.edu.co
1709,UNIVERSIDAD CENTRAL,Principal,Privado,Universidad,Bogotá D.C.,"Bogotá, D.C.",Carrera 5  21-38,3239868,Activa en la Fecha de Actualizacion,www.ucentral.edu.co
1710,UNIVERSIDAD PONTIFICIA BOLIVARIANA,Principal,Privado,Universidad,Antioquia,Medellín,Campus de Laureles Circular 1a. No. 70-01,4488388,Activa en la Fecha de Actualizacion,www.upb.edu.co
1711,UNIVERSIDAD DE LA SABANA,Principal,Privado,Universidad,Cundinamarca,Chía,Campus Universitario Puente del Común,8615555,Activa en la Fecha de Actualizacion,www.unisabana.edu.co
1712,UNIVERSIDAD EAFIT,Principal,Privado,Universidad,Antioquia,Medellín,Carrera 49  No.7 SUR - 50,2619500,Activa en la Fecha de Actualizacion,www.eafit.edu.co
1713,UNIVERSIDAD DEL NORTE,Principal,Privado,Universidad,Atlántico,Barranquilla,Kilometro 5 Via Pto. Colombia,3509388,Activa en la Fecha de Actualizacion,www.uninorte.edu.co
1714,COLEGIO MAYOR DE NUESTRA SEÑORA DEL ROSARIO,Principal,Privado,Universidad,Bogotá D.C.,"Bogotá, D.C.",Calle 12c No. 6-25,2970200,Activa en la Fecha de Actualizacion,www.urosario.edu.co
1715,FUNDACION UNIVERSIDAD DE AMERICA,Principal,Privado,Universidad,Bogotá D.C.,"Bogotá, D.C.",Carrera 4 #19-85 Edificio Fenalco (Sede temporal),3376680,Activa en la Fecha de Actualizacion,www.uamerica.edu.co
1716,UNIVERSIDAD DE SAN BUENAVENTURA,Seccional,Privado,Universidad,Valle del Cauca,Cali,Cra 122 N° 6 - 65 via a Pance,3182200,Activa en la Fecha de Actualizacion,www.usbcali.edu.co
1717,UNIVERSIDAD DE SAN BUENAVENTURA,Seccional,Privado,Universidad,Antioquia,Medellín,Carrera 56C 51-90 Barrio San Benito,4500323,Activa en la Fecha de Actualizacion,www.usb-med.edu.co
1718,UNIVERSIDAD DE SAN BUENAVENTURA,Principal,Privado,Universidad,Bogotá D.C.,"Bogotá, D.C.","Carrera 8H #172-20, Rectoría: Cra. 9 No. 123-76 Of.602-603",6671090,Activa en la Fecha de Actualizacion,www.usbbog.edu.co
1719,UNIVERSIDAD CATOLICA DE COLOMBIA,Principal,Privado,Universidad,Bogotá D.C.,"Bogotá, D.C.",Av Caracas No. 46-72,3277300,Activa en la Fecha de Actualizacion,www.ucatolica.edu.co
1720,UNIVERSIDAD MARIANA,Principal,Privado,Universidad,Nariño,Pasto,Calle 18 No. 34-104,7314923,Activa en la Fecha de Actualizacion,www.umariana.edu.co
1722,UNIVERSIDAD DE MANIZALES,Principal,Privado,Universidad,Caldas,Manizales,Carrera 9 No. 19-03 Campohermoso,8879680,Activa en la Fecha de Actualizacion,www.umanizales.edu.co
1723,UNIVERSIDAD PONTIFICIA BOLIVARIANA,Seccional,Privado,Universidad,Santander,Bucaramanga,Autopista a Piedecuesta Km. 7,6796220,Activa en la Fecha de Actualizacion,www.upb.edu.co
1724,UNIVERSIDAD DE SAN BUENAVENTURA,Seccional,Privado,Universidad,Bolívar,Cartagena de Indias,"Calle Real de Ternera, Cartagena",6539599,Activa en la Fecha de Actualizacion,www.usbctg.edu.co
1725,FUNDACION UNIVERSIDAD AUTONOMA DE COLOMBIA -FUAC-,Principal,Privado,Universidad,Bogotá D.C.,"Bogotá, D.C.","Calle 13 4-31, Correspondencia: Cra.4 12-85",3343696,Activa en la Fecha de Actualizacion,www.fuac.edu.co
1726,UNIVERSIDAD CATOLICA DE ORIENTE -UCO,Principal,Privado,Universidad,Antioquia,Rionegro,Carrera 46 #40B-50 Sector 3,5699090,Activa en la Fecha de Actualizacion,www.uco.edu.co
1727,UNIVERSIDAD PONTIFICIA BOLIVARIANA,Seccional,Privado,Universidad,Córdoba,Montería,Kilómetro 8 Vía a Cereté,7905088,Activa en la Fecha de Actualizacion,www.upbmonteria.edu.co
1728,UNIVERSIDAD SERGIO ARBOLEDA,Principal,Privado,Universidad,Bogotá D.C.,"Bogotá, D.C.",Calle 74 No. 14-14,3177536,Activa en la Fecha de Actualizacion,www.usergioarboleda.edu.co
1729,UNIVERSIDAD EL BOSQUE,Principal,Privado,Universidad,Bogotá D.C.,"Bogotá, D.C.","Av. Cra 9 No. 131 A - 02, Edificio Fundadores",6489000,Activa en la Fecha de Actualizacion,www.unbosque.edu.co
1730,UNIVERSIDAD PONTIFICIA BOLIVARIANA,Seccional,Privado,Universidad,Valle del Cauca,Palmira,Km 1 Vía Tienda Nueva Edif. Seminario Cristo Sacerdote Piso 2,2759370,Activa en la Fecha de Actualizacion,www.upb.edu.co
1731,UNIVERSIDAD CATOLICA DE COLOMBIA,Seccional,Privado,Universidad,Cundinamarca,Chía,Km. 21 Vía Carrera 7 La Caro,6766071,Activa en la Fecha de Actualizacion,www.ucatolica.edu.co
1732,UNIVERSIDAD SANTO TOMAS,Seccional,Privado,Universidad,Boyacá,Tunja,Calle 19 No. 11 - 64 Centro,7440404,Activa en la Fecha de Actualizacion,www.ustatunja.edu.co
1733,UNIVERSIDAD SERGIO ARBOLEDA,Seccional,Privado,Universidad,Magdalena,Santa Marta,"Calle 18 Carrera 15, Esquina",4203838,Activa en la Fecha de Actualizacion,www.usergioarboleda.edu.co/santamarta
1734,UNIVERSIDAD DE BOYACA UNIBOYACA,Principal,Privado,Universidad,Boyacá,Tunja,Carrera 2a. Este No. 64-169,7450044,Activa en la Fecha de Actualizacion,www.uniboyaca.edu.co
1735,UNIVERSIDAD MANUELA BELTRAN-UMB-,Principal,Privado,Universidad,Bogotá D.C.,"Bogotá, D.C.",Avenida Circunvalar No. 60 - 00,5460600,Activa en la Fecha de Actualizacion,www.umb.edu.co
1801,UNIVERSIDAD LA GRAN COLOMBIA,Principal,Privado,Universidad,Bogotá D.C.,"Bogotá, D.C.",Carrera 6 No. 13-40,3276999,Activa en la Fecha de Actualizacion,www.ugc.edu.co
1802,UNIVERSIDAD LA GRAN COLOMBIA,Seccional,Privado,Universidad,Quindío,Armenia,"Av. Bolivar, Carrera 14 No. 7-46",7460400,Activa en la Fecha de Actualizacion,www.ugcarmen.edu.co
1803,UNIVERSIDAD DE LA SALLE,Principal,Privado,Universidad,Bogotá D.C.,"Bogotá, D.C.",Cra.5 59A-44,3488000,Activa en la Fecha de Actualizacion,www.lasalle.edu.co
1804,UNIVERSIDAD AUTONOMA DEL CARIBE- UNIAUTONOMA,Principal,Privado,Universidad,Atlántico,Barranquilla,Calle 90 46-112,3671000,Activa en la Fecha de Actualizacion,www.uac.edu.co
1805,UNIVERSIDAD SANTIAGO DE CALI,Principal,Privado,Universidad,Valle del Cauca,Cali,Carrera 62 Calle 5 Campus Pampalinda,5183000,Activa en la Fecha de Actualizacion,www.usc.edu.co
1806,UNIVERSIDAD LIBRE,Principal,Privado,Universidad,Bogotá D.C.,"Bogotá, D.C.",Calle 8 No. 5-80,3821000,Activa en la Fecha de Actualizacion,www.unilibre.edu.co
1807,UNIVERSIDAD LIBRE,Seccional,Privado,Universidad,Valle del Cauca,Cali,Diagonal 37A No. 3-29 Santa Isabel,5578128,Activa en la Fecha de Actualizacion,www.unilibrecali.edu.co
1808,UNIVERSIDAD LIBRE,Seccional,Privado,Universidad,Atlántico,Barranquilla,Km. 7 antigua vía Puerto Colombia,3598915,Activa en la Fecha de Actualizacion,www.unilibrebaq.edu.co
1809,UNIVERSIDAD LIBRE,Seccional,Privado,Universidad,Risaralda,Pereira,Calle 40 N° 7-30,3366019,Activa en la Fecha de Actualizacion,www.unilibrepereira.edu.co
1810,UNIVERSIDAD LIBRE,Seccional,Privado,Universidad,Norte de Santander,San José de Cúcuta,"Av. Canal Bogotá Margen Izquierdo, Intersección Benjamín Herrera",5790896,Activa en la Fecha de Actualizacion,www.unilibrecucuta.edu.co
1811,UNIVERSIDAD LIBRE,Seccional,Privado,Universidad,Santander,Socorro,Campus Universitario Majavita,7296945,Activa en la Fecha de Actualizacion,www.unilibresoc.edu.co
1812,UNIVERSIDAD DE MEDELLIN,Principal,Privado,Universidad,Antioquia,Medellín,Carrera 87 No. 30-65 Los Alpes,3405555,Activa en la Fecha de Actualizacion,www.udem.edu.co
1813,UNIVERSIDAD DE LOS ANDES,Principal,Privado,Universidad,Bogotá D.C.,"Bogotá, D.C.",Carrera 1 No. 18A-70,3394949,Activa en la Fecha de Actualizacion,www.uniandes.edu.co
1814,UNIVERSIDAD AUTONOMA LATINOAMERICANA-UNAULA-,Principal,Privado,Universidad,Antioquia,Medellín,Carrera 55A 49 - 51,5112199,Activa en la Fecha de Actualizacion,www.unaula.edu.co
1815,CORPORACION UNIVERSIDAD PILOTO DE COLOMBIA,Principal,Privado,Universidad,Bogotá D.C.,"Bogotá, D.C.",Carrera 9 45A-44,3322900,Activa en la Fecha de Actualizacion,www.unipiloto.edu.co
1816,UNIVERSIDAD COOPERATIVA DE COLOMBIA,Seccional,Privado,Universidad,Antioquia,Medellín,Calle 50 41-70,2391100,Activa en la Fecha de Actualizacion,www.ucc.edu.co
1817,UNIVERSIDAD COOPERATIVA DE COLOMBIA,Seccional,Privado,Universidad,Santander,Bucaramanga,Calle 30A 33-51,343825,Activa en la Fecha de Actualizacion,www.ucc.edu.co
1818,UNIVERSIDAD COOPERATIVA DE COLOMBIA,Principal,Privado,Universidad,Bogotá D.C.,"Bogotá, D.C.","Av. Caracas No. 44-21, Recibo Correspondencia: Av. Caracas No. 37-63",3323565,Activa en la Fecha de Actualizacion,www.ucc.edu.co
1819,UNIVERSIDAD COOPERATIVA DE COLOMBIA,Seccional,Privado,Universidad,Santander,Barrancabermeja,Calle 57 entre carreras 24 y 27 Barrio G,213277,Activa en la Fecha de Actualizacion,ucc.edu.co
1820,UNIVERSIDAD COOPERATIVA DE COLOMBIA,Seccional,Privado,Universidad,Magdalena,Santa Marta,Troncal del Caribe Sector Mamatoco,4331715,Activa en la Fecha de Actualizacion,www.ucc.edu.co
1822,CORPORACION UNIVERSIDAD PILOTO DE COLOMBIA,Seccional,Privado,Universidad,Cundinamarca,Girardot,Cra. 19 17-33 Barrio Las Quintas,8332845,Activa en la Fecha de Actualizacion,www.unipiloto.edu.co
1823,UNIVERSIDAD AUTONOMA DE BUCARAMANGA-UNAB-,Principal,Privado,Universidad,Santander,Bucaramanga,Calle 48 39-234,6436111,Activa en la Fecha de Actualizacion,www.unab.edu.co
1824,UNIVERSIDAD METROPOLITANA,Principal,Privado,Universidad,Atlántico,Barranquilla,Calle 76 No. 42-78,3587889,Activa en la Fecha de Actualizacion,www.unimetro.edu.co
1825,UNIVERSIDAD AUTONOMA DE MANIZALES,Principal,Privado,Universidad,Caldas,Manizales,Antigua Estacion del Ferocarril,8727272,Activa en la Fecha de Actualizacion,www.autonoma.edu.co
1826,UNIVERSIDAD ANTONIO NARIÑO,Principal,Privado,Universidad,Bogotá D.C.,"Bogotá, D.C.",Carrera 38 58 A 77,3152973,Activa en la Fecha de Actualizacion,www.uan.edu.co
1827,UNIVERSIDAD CATOLICA DE MANIZALES,Principal,Privado,Universidad,Caldas,Manizales,Carrera 23 60-63,8933050,Activa en la Fecha de Actualizacion,www.ucm.edu.co
1828,UNIVERSIDAD ICESI,Principal,Privado,Universidad,Valle del Cauca,Cali,Calle 18 No.122-135 (Pance),5552369,Activa en la Fecha de Actualizacion,www.icesi.edu.co
1829,UNIVERSIDAD SANTIAGO DE CALI,Seccional,Privado,Universidad,Valle del Cauca,Palmira,Carrera 30 Calle 38 Esquina,2712617,Activa en la Fecha de Actualizacion,www.usc.edu.co/palmira
1830,UNIVERSIDAD AUTONOMA DE OCCIDENTE,Principal,Privado,Universidad,Valle del Cauca,Cali,Calle 25 115 - 85 Km. 2 Vía Jamundí,3188000,Activa en la Fecha de Actualizacion,www.uao.edu.co
1831,UNIVERSIDAD DE IBAGUE,Principal,Privado,Universidad,Tolima,Ibagué,"Barrio Ambala, Carrera 22 Calle 67",2760010,Activa en la Fecha de Actualizacion,www.unibague.edu.co
1832,UNIVERSIDAD TECNOLOGICA DE BOLIVAR,Principal,Privado,Universidad,Bolívar,Cartagena de Indias,"Campus de Ternera, Vía a Turbaco Km. 1",6535200,Activa en la Fecha de Actualizacion,www.unitecnologica.edu.co
1833,UNIVERSIDAD DEL SINU - ELIAS BECHARA ZAINUM - UNISINU -,Principal,Privado,Universidad,Córdoba,Montería,Carrera 1W Calle 38 Barrio Juan XXIII,7840340,Activa en la Fecha de Actualizacion,www.unisinu.edu.co
1834,UNIVERSIDAD DEL SINU - ELIAS BECHARA ZAINUM - UNISINU -,Seccional,Privado,Universidad,Bolívar,Cartagena de Indias,Calle 30 No. 20 -71,6562403,Activa en la Fecha de Actualizacion,www.unisinucartagena.edu.co
1835,UNIVERSIDAD DE CIENCIAS APLICADAS Y AMBIENTALES - UDCA,Principal,Privado,Universidad,Bogotá D.C.,"Bogotá, D.C.",Calle 222 54-37,6684700,Activa en la Fecha de Actualizacion,www.udca.edu.co
2102,UNIVERSIDAD NACIONAL ABIERTA Y A DISTANCIA UNAD,Principal,Oficial,Universidad,Bogotá D.C.,"Bogotá, D.C.",Calle 14 No 14-23 Sur,3443700,Activa en la Fecha de Actualizacion,www.unad.edu.co
2104,ESCUELA SUPERIOR DE ADMINISTRACION PUBLICA-ESAP-,Principal,Oficial,Institución Universitaria/Escuela Tecnológica,Bogotá D.C.,"Bogotá, D.C.",Calle 44 # 53 - 37 CAN,2202790,Activa en la Fecha de Actualizacion,www.esap.edu.co
2106,DIRECCION NACIONAL DE ESCUELAS,Principal,Oficial,Institución Universitaria/Escuela Tecnológica,Bogotá D.C.,"Bogotá, D.C.",Transversal 33 47A-35 Sur Barrio Fátima,3159136,Activa en la Fecha de Actualizacion,www.policia.edu.co
2110,COLEGIO MAYOR DE ANTIOQUIA,Principal,Oficial,Institución Universitaria/Escuela Tecnológica,Antioquia,Medellín,Calle 65 77-126 Robledo,4225252,Activa en la Fecha de Actualizacion,www.colmayor.edu.co
2111,ESCUELA SUPERIOR DE ADMINISTRACION PUBLICA-ESAP-,Seccional,Oficial,Institución Universitaria/Escuela Tecnológica,Antioquia,Medellín,Calle 56 (Bolivia) 45-34,2543780,Activa en la Fecha de Actualizacion,www.esap.edu.co
2114,ESCUELA NACIONAL DEL DEPORTE,Principal,Oficial,Institución Universitaria/Escuela Tecnológica,Valle del Cauca,Cali,Calle 9 34-01,566411,Activa en la Fecha de Actualizacion,www.endeporte.edu.co
2206,INSTITUTO DEPARTAMENTAL DE BELLAS ARTES,Principal,Oficial,Institución Universitaria/Escuela Tecnológica,Valle del Cauca,Cali,Avenida 2a. Norte 7N-28,4883030,Activa en la Fecha de Actualizacion,www.bellasartes.edu.co
2207,INSTITUTO UNIVERSITARIO DE LA PAZ,Principal,Oficial,Institución Universitaria/Escuela Tecnológica,Santander,Barrancabermeja,"Centro de Investigaciones Santa Lucia, Km. 14, vía Bucaramanga",6025185,Activa en la Fecha de Actualizacion,www.unipaz.edu.co
2208,CONSERVATORIO DEL TOLIMA,Principal,Oficial,Institución Universitaria/Escuela Tecnológica,Tolima,Ibagué,Calle 9 1-18,2613118,Activa en la Fecha de Actualizacion,www.conservatoriodeltolima.edu.co
2209,POLITECNICO COLOMBIANO JAIME ISAZA CADAVID,Principal,Oficial,Institución Universitaria/Escuela Tecnológica,Antioquia,Medellín,Carrera 48 7-151,3105133,Activa en la Fecha de Actualizacion,www.politecnicojic.edu.co
2211,INSTITUCION UNIVERSITARIA BELLAS ARTES Y CIENCIAS DE BOLIVAR,Principal,Oficial,Institución Universitaria/Escuela Tecnológica,Bolívar,Cartagena de Indias,Carrera 9 No.39-12,6600391,Activa en la Fecha de Actualizacion,www.unibac.edu.co
2301,UNIDAD CENTRAL DEL VALLE DEL CAUCA,Principal,Oficial,Institución Universitaria/Escuela Tecnológica,Valle del Cauca,Tuluá,Carrera 27 A No.48-144 Km.1 salida Sur Tuluá,2242200,Activa en la Fecha de Actualizacion,www.uceva.edu.co
2302,INSTITUCION UNIVERSITARIA DE ENVIGADO,Principal,Oficial,Institución Universitaria/Escuela Tecnológica,Antioquia,Envigado,Cra. 27B N° 39 A sur 57,3391010,Activa en la Fecha de Actualizacion,www.iue.edu.co
2701,INSTITUCION UNIVERSITARIA COLEGIOS DE COLOMBIA - UNICOC,Principal,Privado,Institución Universitaria/Escuela Tecnológica,Bogotá D.C.,"Bogotá, D.C.",Carrera 9 13-40 Piso 4,6683535,Activa en la Fecha de Actualizacion,www.odontologico.edu.co
2702,FUNDACION UNIVERSITARIA DE CIENCIAS DE LA SALUD,Principal,Privado,Institución Universitaria/Escuela Tecnológica,Bogotá D.C.,"Bogotá, D.C.",Carrera 19 8A-32,4375401,Activa en la Fecha de Actualizacion,www.fucsalud.edu.co
2704,COLEGIO DE ESTUDIOS SUPERIORES DE ADMINISTRACION-CESA-,Principal,Privado,Institución Universitaria/Escuela Tecnológica,Bogotá D.C.,"Bogotá, D.C.",Calle 35 No. 6-16,3395300,Activa en la Fecha de Actualizacion,www.cesa.edu.co
2707,FUNDACIÓN UNIVERSITARIA JUAN N. CORPAS,Principal,Privado,Institución Universitaria/Escuela Tecnológica,Bogotá D.C.,"Bogotá, D.C.",Carrera 111 No. 159 A 61 (Av. Corpas Km. 3 Suba),6813085,Activa en la Fecha de Actualizacion,www.juancorpas.edu.co
2708,UNIVERSIDAD CES,Principal,Privado,Universidad,Antioquia,Medellín,Calle 10A 22-04,4440555,Activa en la Fecha de Actualizacion,www.ces.edu.co
2709,FUNDACION UNIVERSITARIA SAN MARTIN,Principal,Privado,Institución Universitaria/Escuela Tecnológica,Bogotá D.C.,"Bogotá, D.C.",Carrera 18 No. 80-45,5301001,Activa en la Fecha de Actualizacion,www.sanmartin.edu.co
2710,FUNDACION UNIVERSITARIA MONSERRATE -UNIMONSERRATE,Principal,Privado,Institución Universitaria/Escuela Tecnológica,Bogotá D.C.,"Bogotá, D.C.",Calle 72 11-41,2494959,Activa en la Fecha de Actualizacion,www.unimonserrate.edu.co
2711,UNIVERSIDAD CATOLICA DE PEREIRA,Principal,Privado,Universidad,Risaralda,Pereira,Avenida de las Américas Cra. 21 49-95,3124000,Activa en la Fecha de Actualizacion,www.ucp.edu.co
2712,FUNDACION UNIVERSITARIA KONRAD LORENZ,Principal,Privado,Institución Universitaria/Escuela Tecnológica,Bogotá D.C.,"Bogotá, D.C.",Carrera 9 Bis 62-43,3472311,Activa en la Fecha de Actualizacion,www.konradlorenz.edu.co
2713,FUNDACION UNIVERSITARIA LOS LIBERTADORES,Principal,Privado,Institución Universitaria/Escuela Tecnológica,Bogotá D.C.,"Bogotá, D.C.",Carrera 16 63A-68,2544750,Activa en la Fecha de Actualizacion,No disponible
2715,FUNDACION UNIVERSITARIA DE POPAYAN,Principal,Privado,Institución Universitaria/Escuela Tecnológica,Cauca,Popayán,Los Robles Km. 8 vía al Sur,8238025,Activa en la Fecha de Actualizacion,www.fup.edu.co
2719,UNIVERSIDAD CATÓLICA LUIS AMIGÓ,Principal,Privado,Universidad,Antioquia,Medellín,Transversal 51A 67B - 90,4487666,Activa en la Fecha de Actualizacion,www.ucatolicaluisamigo.edu.co
2720,FUNDACION UNIVERSITARIA JUAN DE CASTELLANOS,Principal,Privado,Institución Universitaria/Escuela Tecnológica,Boyacá,Tunja,Carrera 11 11-16,7470333,Activa en la Fecha de Actualizacion,www.jdc.edu.co
2721,FUNDACION UNIVERSITARIA MARIA CANO,Principal,Privado,Institución Universitaria/Escuela Tecnológica,Antioquia,Medellín,Calle 56 41-90,4025500,Activa en la Fecha de Actualizacion,www.fumc.edu.co
2722,FUNDACION CENTRO UNIVERSITARIO DE BIENESTAR RURAL,Principal,Privado,Institución Universitaria/Escuela Tecnológica,Cauca,Puerto Tejada,Vereda Periconegro,nan,Activa en la Fecha de Actualizacion,www.cubr.edu.co
2723,FUNDACION UNIVERSITARIA AGRARIA DE COLOMBIA -UNIAGRARIA-,Principal,Privado,Institución Universitaria/Escuela Tecnológica,Bogotá D.C.,"Bogotá, D.C.",Calle 170 No. 54 A -10,6671515,Activa en la Fecha de Actualizacion,www.uniagraria.edu.co
2724,FUNDACION UNIVERSITARIA DE SAN GIL - UNISANGIL -,Principal,Privado,Institución Universitaria/Escuela Tecnológica,Santander,San Gil,Km. 2 vía San Gil - Charalá,7245757,Activa en la Fecha de Actualizacion,www.unisangil.edu.co
2725,POLITECNICO GRANCOLOMBIANO,Principal,Privado,Institución Universitaria/Escuela Tecnológica,Bogotá D.C.,"Bogotá, D.C.",Calle 57 3-00 Este,7455555,Activa en la Fecha de Actualizacion,www.poli.edu.co
2727,FUNDACION UNIVERSITARIA-CEIPA-,Principal,Privado,Institución Universitaria/Escuela Tecnológica,Antioquia,Sabaneta,Calle 77 sur No. 40 -165,3056100,Activa en la Fecha de Actualizacion,www.ceipa.edu.co
2728,FUNDACION UNIVERSITARIA DEL AREA ANDINA,Principal,Privado,Institución Universitaria/Escuela Tecnológica,Bogotá D.C.,"Bogotá, D.C.",Clle 71 No. 13-21,3458443,Activa en la Fecha de Actualizacion,https://www.areandina.edu.co/
2730,FUNDACION ESCUELA COLOMBIANA DE REHABILITACION,Principal,Privado,Institución Universitaria/Escuela Tecnológica,Bogotá D.C.,"Bogotá, D.C.",Avenida Cra. 15 151-68,6270649,Activa en la Fecha de Actualizacion,www.ecr.edu.co
2731,FUNDACION UNIVERSITARIA CATOLICA LUMEN GENTIUM - UNICATÓLICA - CALI,Principal,Privado,Institución Universitaria/Escuela Tecnológica,Valle del Cauca,Cali,Carrera 122 12 - 459 Pance,5552767,Activa en la Fecha de Actualizacion,www.unicatolica.edu.co
2732,FUNDACION UNIVERSITARIA CATOLICA DEL NORTE,Principal,Privado,Institución Universitaria/Escuela Tecnológica,Antioquia,Santa Rosa de Osos,Carrera 21 34B - 07,8609822,Activa en la Fecha de Actualizacion,www.ucn.edu.co
2733,FUNDACIÓN UNIVERSITARIA SAN ALFONSO- FUSA-,Principal,Privado,Institución Universitaria/Escuela Tecnológica,Bogotá D.C.,"Bogotá, D.C.",Calle 37 22 - 47,2445053,Activa en la Fecha de Actualizacion,www.fusa.edu.co
2736,FUNDACION UNIVERSITARIA SEMINARIO BIBLICO DE COLOMBIA - FUSBC,Principal,Privado,Institución Universitaria/Escuela Tecnológica,Antioquia,Medellín,Calle 76 No. 87 - 14,2640303,Activa en la Fecha de Actualizacion,www.unisbc.edu.co
2737,FUNDACION UNIVERSITARIA DEL AREA ANDINA,Seccional,Privado,Institución Universitaria/Escuela Tecnológica,Risaralda,Pereira,Calle 24 No. 8-55,3339560,Activa en la Fecha de Actualizacion,https://www.areandina.edu.co/
2738,FUNDACION UNIVERSITARIA EMPRESARIAL DE LA CAMARA DE COMERCIO DE BOGOTA- UNIEMPRESARIAL,Principal,Privado,Institución Universitaria/Escuela Tecnológica,Bogotá D.C.,"Bogotá, D.C.",Carrera 33 A No. 30-20,5082244,Activa en la Fecha de Actualizacion,www.uniempresarial.edu.co
2739,FUNDACION DE ESTUDIOS SUPERIORES UNIVERSITARIOS DE URABA ANTONIO ROLDAN BETANCUR,Principal,Privado,Institución Universitaria/Escuela Tecnológica,Antioquia,Apartadó,Carrera 111 101-64 Barrio Los Pinos,8286999,Activa en la Fecha de Actualizacion,www.fesu.edu.co
2740,INSTITUCION UNIVERSITARIA COLOMBO AMERICANA - UNICA,Principal,Privado,Institución Universitaria/Escuela Tecnológica,Bogotá D.C.,"Bogotá, D.C.",Avenida 19 2-49 Piso 2,2811777,Activa en la Fecha de Actualizacion,www.unica.edu.co
2741,FUNDACION DE ESTUDIOS SUPERIORES - MONSEÑOR ABRAHAM ESCUDERO MONTOYA - FUNDES,Principal,Privado,Institución Universitaria/Escuela Tecnológica,Tolima,Espinal,Carrera 7 10-37,2485862,Activa en la Fecha de Actualizacion,www.fundes.edu.co
2743,UNIVERSIDAD INTERNACIONAL DEL TRÓPICO AMERICANO,Principal,Oficial,Universidad,Casanare,Yopal,Carrera 19 39 - 40,6320700,Activa en la Fecha de Actualizacion,www.unitropico.edu.co
2744,UNIVERSIDAD CESMAG - UNICESMAG,Principal,Privado,Universidad,Nariño,Pasto,Carrera 20A 14-54,7206859,Activa en la Fecha de Actualizacion,www.iucesmag.edu.co
2745,FUNDACIÓN UNIVERSITARIA COMPENSAR,Principal,Privado,Institución Universitaria/Escuela Tecnológica,Bogotá D.C.,"Bogotá, D.C.",Av. 32 17-30,3380606,Activa en la Fecha de Actualizacion,www.unipanamericana.edu.co
2746,FUNDACION UNIVERSITARIA SANITAS,Principal,Privado,Institución Universitaria/Escuela Tecnológica,Bogotá D.C.,"Bogotá, D.C.",Calle 170 # 08-41,5895377,Activa en la Fecha de Actualizacion,www.unisanitas.edu.co
2747,INSTITUCIÓN UNIVERSITARIA VISIÓN DE LAS AMÉRICAS,Principal,Privado,Institución Universitaria/Escuela Tecnológica,Antioquia,Medellín,Circular 73 35 -04,4114848,Activa en la Fecha de Actualizacion,www.uam.edu.co
2748,FUNDACION UNIVERSITARIA SEMINARIO TEOLOGICO BAUTISTA INTERNACIONAL,Principal,Privado,Institución Universitaria/Escuela Tecnológica,Valle del Cauca,Cali,Carrera 56 (Av. Guadalupe) 1B-112,5132320,Activa en la Fecha de Actualizacion,www.funibautista.edu.co
2749,INSTITUCION UNIVERSITARIA  SALAZAR Y HERRERA,Principal,Privado,Institución Universitaria/Escuela Tecnológica,Antioquia,Medellín,Carrera 70  52-49 Barrio Los Colores,4600700,Activa en la Fecha de Actualizacion,www.iush.edu.co
2805,UNIVERSIDAD SIMON BOLIVAR,Principal,Privado,Universidad,Atlántico,Barranquilla,Carrera 59 No.59-92,3441265,Activa en la Fecha de Actualizacion,www.unisimonbolivar.edu.co
2810,CORPORACION UNIVERSIDAD DE LA COSTA CUC,Principal,Privado,Universidad,Atlántico,Barranquilla,Calle 58  55-66,3440983,Activa en la Fecha de Actualizacion,www.cuc.edu.co
2811,UNIVERSIDAD ESCUELA COLOMBIANA DE INGENIERIA JULIO GARAVITO,Principal,Privado,Universidad,Bogotá D.C.,"Bogotá, D.C.",AK 45  205-59 (Autopista Norte - Km.13),6683600,Activa en la Fecha de Actualizacion,www.escuelaing.edu.co
2812,UNIVERSIDAD EAN,Principal,Privado,Universidad,Bogotá D.C.,"Bogotá, D.C.",Carrera 11 No 78-47,5936160,Activa en la Fecha de Actualizacion,www.ean.edu.co
2813,UNIVERSIDAD EIA,Principal,Privado,Universidad,Antioquia,Envigado,Calle 25 Sur  42-73,3317850,Activa en la Fecha de Actualizacion,www.eia.edu.co
2815,CORPORACION UNIVERSITARIA ADVENTISTA - UNAC,Principal,Privado,Institución Universitaria/Escuela Tecnológica,Antioquia,Medellín,Cra 84 No. 33 AA - 01,2508328,Activa en la Fecha de Actualizacion,www.unac.edu.co
2818,CORPORACION UNIVERSITARIA DE SANTA ROSA DE CABAL-UNISARC-,Principal,Privado,Institución Universitaria/Escuela Tecnológica,Risaralda,Santa Rosa de Cabal,Cra. 14  27-80 Santa Rosa de Cabal,643000,Activa en la Fecha de Actualizacion,www.unisarc.edu.co
2820,CORPORACION UNIVERSITARIA LASALLISTA,Principal,Privado,Institución Universitaria/Escuela Tecnológica,Antioquia,Caldas,Carrera  51  118 Sur-57,3000200,Activa en la Fecha de Actualizacion,www.lasallista.edu.co
2822,"ESCUELA SUPERIOR DE OFTALMOLOGIA, INSTITUTO BARRAQUER DE AMERICA",Principal,Privado,Institución Universitaria/Escuela Tecnológica,Bogotá D.C.,"Bogotá, D.C.","Avenida  Calle 100  18A - 51, Oficina 306",6449552,Activa en la Fecha de Actualizacion,www.institutobarraquer.com
2823,CORPORACION UNIVERSITARIA DEL CARIBE - CECAR,Principal,Privado,Institución Universitaria/Escuela Tecnológica,Sucre,Sincelejo,Carretera Troncal Occidente Vía Corozal,2804011,Activa en la Fecha de Actualizacion,www.cecar.edu.co
2824,CORPORACION UNIVERSITARIA DE COLOMBIA IDEAS,Principal,Privado,Institución Universitaria/Escuela Tecnológica,Bogotá D.C.,"Bogotá, D.C.",Calle 69  No. 10A-36,6061102,Activa en la Fecha de Actualizacion,www.ideas.edu.co
2825,CORPORACION UNIVERSITARIA RAFAEL NUÑEZ,Principal,Privado,Institución Universitaria/Escuela Tecnológica,Bolívar,Cartagena de Indias,"Edificio Rafael Nuñez, Centro Calle de la Soledad No. 5-70",6607777,Activa en la Fecha de Actualizacion,www.curn.edu.co
2827,CORPORACION UNIVERSITARIA DEL META - UNIMETA,Principal,Privado,Institución Universitaria/Escuela Tecnológica,Meta,Villavicencio,Carrera 33 No. 34-06 Edificio Héroes del Pantano de Vargas,6624080,Activa en la Fecha de Actualizacion,www.unimeta.edu.co
2828,CORPORACION UNIVERSITARIA DEL HUILA-CORHUILA-,Principal,Privado,Institución Universitaria/Escuela Tecnológica,Huila,Neiva,Calle 21  6-01,8754220,Activa en la Fecha de Actualizacion,www.corhuila.edu.co
2829,CORPORACION UNIVERSITARIA MINUTO DE DIOS -UNIMINUTO-,Principal,Privado,Institución Universitaria/Escuela Tecnológica,Bogotá D.C.,"Bogotá, D.C.",Calle 81 B No. 72 B - 70,2916520,Activa en la Fecha de Actualizacion,www.uniminuto.edu
2830,CORPORACION UNIVERSITARIA IBEROAMERICANA,Principal,Privado,Institución Universitaria/Escuela Tecnológica,Bogotá D.C.,"Bogotá, D.C.",Calle 67   5-27,3489292,Activa en la Fecha de Actualizacion,https://www.ibero.edu.co/
2831,CORPORACION UNIVERSITARIA DE CIENCIA Y DESARROLLO - UNICIENCIA,Principal,Privado,Institución Universitaria/Escuela Tecnológica,Bogotá D.C.,"Bogotá, D.C.",Calle 74  15-73,3220055,Activa en la Fecha de Actualizacion,www.uniciencia.edu.co
2832,UNIVERSIDAD DE SANTANDER - UDES,Principal,Privado,Universidad,Santander,Bucaramanga,Calle 70 No. 55-210 Lagos del Cacique,6516500,Activa en la Fecha de Actualizacion,www.udes.edu.co
2833,CORPORACION UNIVERSITARIA REMINGTON,Principal,Privado,Institución Universitaria/Escuela Tecnológica,Antioquia,Medellín,"Calle 51  51-27, Edificio Coltabaco, Torre 1",5111000,Activa en la Fecha de Actualizacion,www.remington.edu.co
2834,UNIVERSITARIA AGUSTINIANA- UNIAGUSTINIANA,Principal,Privado,Institución Universitaria/Escuela Tecnológica,Bogotá D.C.,"Bogotá, D.C.",Av Ciudad de Cali No 11B-95,4193200,Activa en la Fecha de Actualizacion,www.uniagustiniana.edu.co
2836,CORPORACION UNIVERSITARIA EMPRESARIAL DE SALAMANCA,Principal,Privado,Institución Universitaria/Escuela Tecnológica,Atlántico,Barranquilla,Carrera 50  79 - 155,4242226,Activa en la Fecha de Actualizacion,www.cunivemsa.edu.co
2837,CORPORACION UNIVERSITARIA REPUBLICANA,Principal,Privado,Institución Universitaria/Escuela Tecnológica,Bogotá D.C.,"Bogotá, D.C.",Carrera 7  19-38,2862384,Activa en la Fecha de Actualizacion,www.urepublicana.edu.co
2838,CORPORACION COLEGIATURA COLOMBIANA,Principal,Privado,Institución Universitaria/Escuela Tecnológica,Antioquia,Medellín,Km 7. Vía Las Palmas,3547120,Activa en la Fecha de Actualizacion,www.colegiatura.edu.co
2840,CORPORACION UNIVERSITARIA EMPRESARIAL ALEXANDER VON HUMBOLDT - CUE,Principal,Privado,Institución Universitaria/Escuela Tecnológica,Quindío,Armenia,Avenida Bolivar #1-189,7450025,Activa en la Fecha de Actualizacion,www.uempresarial@cue.edu.co
2841,CORPORACION UNIVERSITARIA MINUTO DE DIOS -UNIMINUTO-,Seccional,Privado,Institución Universitaria/Escuela Tecnológica,Antioquia,Bello,Carrera 45   22 D - 25,4623131,Activa en la Fecha de Actualizacion,www.uniminuto.edu
2842,CORPORACION UNIVERSITARIA REFORMADA - CUR -,Principal,Privado,Institución Universitaria/Escuela Tecnológica,Atlántico,Barranquilla,Carrera 38 74-179,3680130,Activa en la Fecha de Actualizacion,www.unireformada.edu.co
2847,UNIVERSIDAD DE INVESTIGACION Y DESARROLLO - UDI,Principal,Privado,Universidad,Santander,Bucaramanga,Calle 9  23-55,6352525,Activa en la Fecha de Actualizacion,www.udi.edu.co
2848,CORPORACION UNIVERSITARIA  UNITEC,Principal,Privado,Institución Universitaria/Escuela Tecnológica,Bogotá D.C.,"Bogotá, D.C.",Calle 76   12-58,5939393,Activa en la Fecha de Actualizacion,www.unitec.edu.co
2849,CORPORACION UNIVERSITARIA AUTONOMA DEL CAUCA,Principal,Privado,Institución Universitaria/Escuela Tecnológica,Cauca,Popayán,Calle 5  3-85,8213000,Activa en la Fecha de Actualizacion,www.uniautonoma.edu.co
2850,CORPORACION UNIVERSITARIA ANTONIO JOSE DE SUCRE - CORPOSUCRE,Principal,Privado,Institución Universitaria/Escuela Tecnológica,Sucre,Sincelejo,Carrera 21 25-59 La María,2812282,Activa en la Fecha de Actualizacion,www.corposucre.edu.co
2901,ESCUELA DE INTELIGENCIA Y CONTRAINTELIGENCIA BRIGADIER GENERAL RICARDO CHARRY SOLANO,Principal,Oficial,Institución Universitaria/Escuela Tecnológica,Bogotá D.C.,"Bogotá, D.C.",Carrera 8a No. 101-33,6017515,Activa en la Fecha de Actualizacion,www.esici.edu.co
2902,ESCUELA DE LOGISTICA,Principal,Oficial,Institución Universitaria/Escuela Tecnológica,Bogotá D.C.,"Bogotá, D.C.","Calle 11 Sur  10-50 Este, San Cristóbal",3370207,Activa en la Fecha de Actualizacion,No disponible
2904,ESCUELA SUPERIOR DE GUERRA GENERAL RAFAEL REYES PRIETO,Principal,Oficial,Institución Universitaria/Escuela Tecnológica,Bogotá D.C.,"Bogotá, D.C.",Carrera 11 102-50,6204066,Activa en la Fecha de Actualizacion,www.esdegue.mil.co
2905,CENTRO DE EDUCACION MILITAR - CEMIL,Principal,Oficial,Institución Universitaria/Escuela Tecnológica,Bogotá D.C.,"Bogotá, D.C.",Calle 102 7-80,6208549,Activa en la Fecha de Actualizacion,www.cemil.mil.co
2906,ESCUELA DE POSTGRADOS DE LA FUERZA AEREA COLOMBIANA CAPITAN JOSE EDMUNDO SANDOVAL - EPFAC,Principal,Oficial,Institución Universitaria/Escuela Tecnológica,Bogotá D.C.,"Bogotá, D.C.","Carrera 11 102 - 50 Edificio ESDEGUE, Of.412",6204066,Activa en la Fecha de Actualizacion,www.ima.edu.co
3102,INSTITUTO SUPERIOR DE EDUCACION RURAL-ISER-,Principal,Oficial,Institución Tecnológica,Norte de Santander,Pamplona,Calle  8   No.8-155,682597,Activa en la Fecha de Actualizacion,www.iser.edu.co
3103,INSTITUCIÓN UNIVERSITARIA MAYOR DE CARTAGENA,Principal,Oficial,Institución Universitaria/Escuela Tecnológica,Bolívar,Cartagena de Indias,Calle de la Factoría  35-95,6644060,Activa en la Fecha de Actualizacion,www.colmayorbolivar.edu.co
3104,COLEGIO MAYOR DEL CAUCA,Principal,Oficial,Institución Universitaria/Escuela Tecnológica,Cauca,Popayán,"Cra.5#5-40 (SEDE PPAL), Calle 3#6-42 (CASA OB",8241109,Activa en la Fecha de Actualizacion,www.colmayorcauca.edu.co
3107,INSTITUCIÓN UNIVERSITARIA PASCUAL BRAVO,Principal,Oficial,Institución Universitaria/Escuela Tecnológica,Antioquia,Medellín,Calle 73 No. 73A-226,4480520,Activa en la Fecha de Actualizacion,www.pascualbravo.edu.co
3114,ESCUELA NAVAL DE SUBOFICIALES ARC BARRANQUILLA,Principal,Oficial,Institución Tecnológica,Atlántico,Barranquilla,Vía 40 Calle 58,3444410,Activa en la Fecha de Actualizacion,www.armada.mil.co
3115,INSTITUTO TECNOLOGICO DEL PUTUMAYO,Principal,Oficial,Institución Tecnológica,Putumayo,Mocoa,Barrio la Esmeralda aire libre,4296105,Activa en la Fecha de Actualizacion,www.itp.edu.co
3116,INSTITUTO TECNOLOGICO DEL PUTUMAYO,Seccional,Oficial,Institución Tecnológica,Putumayo,Sibundoy,Via Canal C Granja Versalles,4296105,Activa en la Fecha de Actualizacion,www.itp.edu.co
3117,INSTITUCIÓN UNIVERSITARIA ITSA,Principal,Oficial,Institución Universitaria/Escuela Tecnológica,Atlántico,Barranquilla,"Cra 45 N°48-31 Barrio El Carmen, Barranquilla",3112370,Activa en la Fecha de Actualizacion,www.itsa.edu.co
3201,UNIDADES TECNOLOGICAS DE SANTANDER,Principal,Oficial,Institución Tecnológica,Santander,Bucaramanga,Calle de los Estudiantes No.9 - 82,6413000,Activa en la Fecha de Actualizacion,www.uts.edu.co
3204,TECNOLOGICO DE ANTIOQUIA,Principal,Oficial,Institución Universitaria/Escuela Tecnológica,Antioquia,Medellín,Calle 78B  72A-220,4443700,Activa en la Fecha de Actualizacion,www.tdea.edu.co
3301,INSTITUCION UNIVERSITARIA ANTONIO JOSE CAMACHO,Principal,Oficial,Institución Universitaria/Escuela Tecnológica,Valle del Cauca,Cali,Av. 6ª  28N-102 Barrio San Vicente,6882828,Activa en la Fecha de Actualizacion,www.uniaj.edu.co
3302,INSTITUTO TECNOLOGICO METROPOLITANO,Principal,Oficial,Institución Universitaria/Escuela Tecnológica,Antioquia,Medellín,Calle 73 NO. 76A-354 Vía al Volador,4405100,Activa en la Fecha de Actualizacion,www.itm.edu.co
3303,ESCUELA SUPERIOR TECNOLOGICA DE ARTES DEBORA ARANGO,Principal,Oficial,Institución Tecnológica,Antioquia,Envigado,Calle 39 Sur  39 - 08,3330381,Activa en la Fecha de Actualizacion,www.ladebora.edu.co
3702,FUNDACION TECNOLOGICA AUTONOMA DE BOGOTA-FABA-,Principal,Privado,Institución Tecnológica,Bogotá D.C.,"Bogotá, D.C.",Carrera 14 80 - 35,6913862,Activa en la Fecha de Actualizacion,www.faba.edu.co
3703,INSTITUCION UNIVERSITARIA ESCOLME,Principal,Privado,Institución Universitaria/Escuela Tecnológica,Antioquia,Medellín,Calle 50 40-39,2161700,Activa en la Fecha de Actualizacion,www.escolme.edu.co
3705,FUNDACION UNIVERSITARIA TECNOLOGICO COMFENALCO - CARTAGENA,Principal,Privado,Institución Universitaria/Escuela Tecnológica,Bolívar,Cartagena de Indias,Carrera 44 D 30 A-91,6723700,Activa en la Fecha de Actualizacion,www.tecnologicocomfenalco.edu.co
3706,"FUNDACION CENTRO COLOMBIANO DE ESTUDIOS PROFESIONALES, -F.C.E.C.E.P.",Principal,Privado,Institución Tecnológica,Valle del Cauca,Cali,Calle 9B 29A-67 Champagnat,6842424,Activa en la Fecha de Actualizacion,www.cecep.edu.co
3710,FUNDACION UNIVERSITARIA ANTONIO DE AREVALO - UNITECNAR,Principal,Privado,Institución Universitaria/Escuela Tecnológica,Bolívar,Cartagena de Indias,Calle del Cuartel 36-54,6600671,Activa en la Fecha de Actualizacion,www.tecnar.edu.co
3712,FUNDACION CENTRO DE INVESTIGACION DOCENCIA Y CONSULTORIA ADMINISTRATIVA-F-CIDCA-,Principal,Privado,Institución Tecnológica,Bogotá D.C.,"Bogotá, D.C.","Calle 61 11-09, sede Carrera 18 38-19",3472927,Activa en la Fecha de Actualizacion,www.cidca.edu.co.
3713,FUNDACION UNIVERSITARIA PARA EL DESARROLLO HUMANO - UNINPAHU,Principal,Privado,Institución Universitaria/Escuela Tecnológica,Bogotá D.C.,"Bogotá, D.C.",Avenida 39 15-58,3323500,Activa en la Fecha de Actualizacion,www.inpahu.edu.co
3715,FUNDACION TECNOLOGICA AUTONOMA DEL PACIFICO,Principal,Privado,Institución Tecnológica,Valle del Cauca,Cali,Avenida 3 Norte 44-100 Barrio La Merced,6656575,Activa en la Fecha de Actualizacion,www.tecnologicadelpacifico.edu.co
3716,TECNOLOGICA FITEC,Principal,Privado,Institución Tecnológica,Santander,Bucaramanga,Calle 58 32-16 Barrio Conucos,6431301,Activa en la Fecha de Actualizacion,www.fitec.edu.co
3718,FUNDACION DE ESTUDIOS SUPERIORES COMFANORTE -F.E.S.C.-,Principal,Privado,Institución Tecnológica,Norte de Santander,San José de Cúcuta,Avenida 5#15-27 CENTRO,5829292,Activa en la Fecha de Actualizacion,www.fesc.edu.co
3719,INSTITUCION UNIVERSITARIA LATINA - UNILATINA,Principal,Privado,Institución Universitaria/Escuela Tecnológica,Bogotá D.C.,"Bogotá, D.C.",Calle 46 No. 3-05,5737488,Activa en la Fecha de Actualizacion,www.unilatina.edu.co
3720,FUNDACION UNIVERSITARIA ESUMER,Principal,Privado,Institución Universitaria/Escuela Tecnológica,Antioquia,Medellín,Calle 76 80-126 Carretera al Mar,2646011,Activa en la Fecha de Actualizacion,www.esumer.edu.co
3724,FUNDACION TECNOLOGICA DE MADRID,Principal,Privado,Institución Tecnológica,Cundinamarca,Madrid,Sede Administrativa: Carrera 17 36-32 Bogotá,7027455,Activa en la Fecha de Actualizacion,www.ftm.edu.co
3725,FUNDACION TECNOLOGICA ALBERTO MERANI,Principal,Privado,Institución Tecnológica,Bogotá D.C.,"Bogotá, D.C.",Carrera 10 No.23-32,7426477,Activa en la Fecha de Actualizacion,www.tecnologicafusfa.edu.co
3801,CORPORACION DE ESTUDIOS TECNOLOGICOS DEL NORTE DEL VALLE,Principal,Privado,Institución Tecnológica,Valle del Cauca,Cartago,Calle 10 3-95,2111804,Activa en la Fecha de Actualizacion,www.cotecnova.edu.co
3802,CENTRO EDUCACIONAL DE COMPUTOS Y SISTEMAS-CEDESISTEMAS-,Principal,Privado,Institución Tecnológica,Antioquia,Medellín,"Carrera 48 A No. 16 Sur 86, Piso 6",4440510,Activa en la Fecha de Actualizacion,www.cedesistemas.edu.co
3803,CORPORACION UNIVERSITARIA CENTRO SUPERIOR - UNICUCES,Principal,Privado,Institución Universitaria/Escuela Tecnológica,Valle del Cauca,Cali,Calle 14 Norte 8N-35 Barrio Granada,6671111,Activa en la Fecha de Actualizacion,wwww.cecs.edu.co
3806,CORPORACION ESCUELA SUPERIOR DE ADMINISTRACION Y ESTUDIOS TECNOLOGICOS- EAE,Principal,Privado,Institución Tecnológica,Valle del Cauca,Cali,Avenida 6N No. 23DN-16 Barrio Versalles,6679911,Activa en la Fecha de Actualizacion,www.eae.edu.co
3807,ESCUELA DE TECNOLOGIAS DE ANTIOQUIA -ETA-,Principal,Privado,Institución Tecnológica,Antioquia,Medellín,Carrera 80B No. 32EE-61,4445016,Activa en la Fecha de Actualizacion,www.etdea.edu.co
3808,CORPORACION TECNOLOGICA DE BOGOTA - CTB,Principal,Privado,Institución Tecnológica,Bogotá D.C.,"Bogotá, D.C.",Carrera 21 53D-35,3483061,Activa en la Fecha de Actualizacion,www.ctb.edu.co
3809,INSTITUTO SUPERIOR DE CIENCIAS SOCIALES Y ECONOMICO FAMILIARES-ICSEF-,Principal,Privado,Institución Tecnológica,Bogotá D.C.,"Bogotá, D.C.",Carrera 72A No 24 - 72 Torre 7 Oficina 204,3134568263,Activa en la Fecha de Actualizacion,www.icsef.edu.co
3810,CORPORACION EDUCATIVA -ITAE-,Principal,Privado,Institución Tecnológica,Santander,Bucaramanga,Calle de los Estudiantes 10-20 Ciudadela,6445323,Activa en la Fecha de Actualizacion,www.itae.edu.co
3811,CORPORACION DE EDUCACION DEL NORTE DEL TOLIMA - COREDUCACION,Principal,Privado,Institución Tecnológica,Tolima,Honda,Calle 10 #29-93/33 Barrio El Reposo,2513266,Activa en la Fecha de Actualizacion,www.coreducacion.edu.co
3812,INSTITUCION UNIVERSITARIA MARCO FIDEL SUAREZ - IUMAFIS,Principal,Privado,Institución Universitaria/Escuela Tecnológica,Antioquia,Bello,Calle 48 50-30,4500040,Activa en la Fecha de Actualizacion,www.pmfs.edu.co
3817,CORPORACION UNIVERSITARIA AUTONOMA DE NARIÑO -AUNAR-,Principal,Privado,Institución Universitaria/Escuela Tecnológica,Nariño,Pasto,Calle 19 27-80,232452,Activa en la Fecha de Actualizacion,www.aunar.edu.co
3819,CORPORACION TECNOLOGICA INDUSTRIAL COLOMBIANA - TEINCO,Principal,Privado,Institución Tecnológica,Bogotá D.C.,"Bogotá, D.C.",Avenida Calle 63 #22-39,4856565,Activa en la Fecha de Actualizacion,www.teinco.edu.co
3820,CORPORACION ACADEMIA TECNOLOGICA DE COLOMBIA -ATEC-,Principal,Privado,Institución Tecnológica,Antioquia,Medellín,Carrera 42 47-82 Centro,2171005,Activa en la Fecha de Actualizacion,www.atec.edu.co
3821,CORPORACION POLITECNICO DE LA COSTA ATLANTICA,Principal,Privado,Institución Tecnológica,Atlántico,Barranquilla,Cra. 38 No. 79A-167 Claustro de Santa Bernardita,3361800,Activa en la Fecha de Actualizacion,www.pca.edu.co
3822,POLITECNICO ICAFT,Principal,Privado,Institución Tecnológica,Bogotá D.C.,"Bogotá, D.C.",Calle 13 No.68D-60,3196383077,Activa en la Fecha de Actualizacion,www.icaft.edu.co
3826,CORPORACION INTERNACIONAL PARA EL DESARROLLO EDUCATIVO -CIDE-,Principal,Privado,Institución Tecnológica,Bogotá D.C.,"Bogotá, D.C.",Calle 41 27A-56 La Soledad,3689618,Activa en la Fecha de Actualizacion,www.cide.edu.co
3827,POLITECNICO SANTAFE DE BOGOTA,Principal,Privado,Institución Tecnológica,Bogotá D.C.,"Bogotá, D.C.",Transversal 18 A Bis N° 37 - 11,3209056263,Activa en la Fecha de Actualizacion,www.psb.edu.co
3828,CORPORACIÓN TECNOLÓGICA DE EDUCACIÓN SUPERIOR SAPIENZA -CTE-,Principal,Privado,Institución Tecnológica,Bogotá D.C.,"Bogotá, D.C.",Carrera 5 No. 23-16,7564030,Activa en la Fecha de Actualizacion,www.tecnologica.edu.co
3829,CORPORACIÓN JOHN F. KENNEDY,Principal,Privado,Institución Tecnológica,Bogotá D.C.,"Bogotá, D.C.",Cll 46 #13-43,2451333,Activa en la Fecha de Actualizacion,www.jfk.edu.co
3830,CORPORACION UNIVERSAL DE INVESTIGACION Y TECNOLOGIA -CORUNIVERSITEC-,Principal,Privado,Institución Tecnológica,Bogotá D.C.,"Bogotá, D.C.",Calle 34 15-36,5780330,Activa en la Fecha de Actualizacion,www.coruniversitec.edu.co
3831,CORPORACION UNIVERSITARIA COMFACAUCA - UNICOMFACAUCA,Principal,Privado,Institución Universitaria/Escuela Tecnológica,Cauca,Popayán,Calle 4 No. 8 - 30,8220517,Activa en la Fecha de Actualizacion,www.unicomfacauca.edu.co
3834,CORPORACION TECNOLOGICA CATOLICA DE OCCIDENTE - TECOC -,Principal,Privado,Institución Tecnológica,Antioquia,Santa Fé de Antioquia,Calle 20 5-07 Llano de Bolivar,8533489,Activa en la Fecha de Actualizacion,No disponible
3901,ESCUELA DE FORMACION DE INFANTERIA DE MARINA,Principal,Oficial,Institución Tecnológica,Sucre,Coveñas,"Carretera Troncal vía Lorica, Coveñas - Sucre",2880265,Activa en la Fecha de Actualizacion,www.armada.mil.co
3902,ESCUELA MILITAR DE SUBOFICIALES SARGENTO INOCENCIO CHINCA,Principal,Oficial,Institución Tecnológica,Cundinamarca,Nilo,Fuerte Militar de Tolemaida,8383002,Activa en la Fecha de Actualizacion,www.emsub.edu.co
4101,INSTITUTO DE EDUCACION TECNICA PROFESIONAL DE ROLDANILLO,Principal,Oficial,Institución Técnica Profesional,Valle del Cauca,Roldanillo,Carrera 7 10-20 Roldanillo,2298586,Activa en la Fecha de Actualizacion,www.intep.edu.co
4102,INSTITUTO NACIONAL DE FORMACION TECNICA PROFESIONAL DE SAN JUAN DEL CESAR,Principal,Oficial,Institución Técnica Profesional,La Guajira,San Juan del Cesar,Carrera 13 7A-61 Barrio 20 de Julio,7740098,Activa en la Fecha de Actualizacion,No disponible
4106,INSTITUTO NACIONAL DE FORMACION TECNICA PROFESIONAL DE SAN ANDRES,Principal,Oficial,Institución Técnica Profesional,"Archipiélago de San Andrés, Providencia y Santa Catalina",San Andrés,Barrio Sarie Bay con Av. Colombia,5125916,Activa en la Fecha de Actualizacion,www.infotepsai.edu.co
4107,INSTITUTO TECNICO AGRICOLA ITA,Principal,Oficial,Institución Técnica Profesional,Valle del Cauca,Guadalajara de Buga,Carrera 13 Calle 26C,2360673,Activa en la Fecha de Actualizacion,www.ita.edu.co
4108,ESCUELA TECNOLOGICA INSTITUTO TECNICO CENTRAL,Principal,Oficial,Institución Universitaria/Escuela Tecnológica,Bogotá D.C.,"Bogotá, D.C.",Calle 13 No.16-74,3443000,Activa en la Fecha de Actualizacion,www.itc.edu.co
4109,INSTITUTO TECNICO NACIONAL DE COMERCIO SIMON RODRIGUEZ - INTENALCO,Principal,Oficial,Institución Técnica Profesional,Valle del Cauca,Cali,Avenida 4 Norte # 34AN-18 Barrio Prados del Norte Comuna No 02,6553333,Activa en la Fecha de Actualizacion,www.intenalco.edu.co
4110,INSTITUTO TOLIMENSE DE FORMACION TECNICA PROFESIONAL,Principal,Oficial,Institución Técnica Profesional,Tolima,Espinal,Calle 18 Carrera 1ª Barrio Arkabal,2483501,Activa en la Fecha de Actualizacion,www.itfip.edu.co
4111,INSTITUTO NACIONAL DE FORMACION TECNICA PROFESIONAL - HUMBERTO VELASQUEZ GARCIA,Principal,Oficial,Institución Técnica Profesional,Magdalena,Ciénaga,Calle 10 12-22 Plaza del Centenario,4240800,Activa en la Fecha de Actualizacion,www.infotephvg.edu.co
4112,COLEGIO INTEGRADO NACIONAL ORIENTE DE CALDAS - IES CINOC,Principal,Oficial,Institución Técnica Profesional,Caldas,Pensilvania,Carrera 5 # 6-30,8555118,Activa en la Fecha de Actualizacion,www.iescinoc.edu.co
4301,UNIDAD TECNICA PROFESIONAL DE SEVILLA-UNITEPS-,Principal,Oficial,Institución Técnica Profesional,Valle del Cauca,Sevilla,Calle 51 No. 48 - 31,2198444,Activa en la Fecha de Actualizacion,uniteps@col2.telecom.com.co
4701,FUNDACION ACADEMIA DE DIBUJO PROFESIONAL,Principal,Privado,Institución Técnica Profesional,Valle del Cauca,Cali,Calle 27 Norte No. 6BN-50,6874100,Activa en la Fecha de Actualizacion,www.fadp.edu.co
4702,FUNDACION DE EDUCACION SUPERIOR SAN JOSE -FESSANJOSE-,Principal,Privado,Institución Tecnológica,Bogotá D.C.,"Bogotá, D.C.",Calle 67 14A-29,3470000,Activa en la Fecha de Actualizacion,No disponible
4704,FUNDACION PARA LA EDUCACION SUPERIOR REAL DE COLOMBIA,Principal,Privado,Institución Técnica Profesional,Bogotá D.C.,"Bogotá, D.C.",Carrera 48 No.91-16,6369260,Activa en la Fecha de Actualizacion,No disponible
4705,"FUNDACION CENTRO DE EDUCACION SUPERIOR,INVESTIGACION Y PROFESIONALIZACION -CEDINPRO-",Principal,Privado,Institución Técnica Profesional,Bogotá D.C.,"Bogotá, D.C.",Calle 94 #11-29 oficina 407 Barrio Chicó,2483613,Activa en la Fecha de Actualizacion,www.cedinpro.edu.co
4708,FUNDACION ESCUELA COLOMBIANA DE HOTELERIA Y TURISMO-ECOTET-,Principal,Privado,Institución Técnica Profesional,Bogotá D.C.,"Bogotá, D.C.",Ava. 13 (Autopista Norte) 106-63,6184710,Activa en la Fecha de Actualizacion,www.ecotet.com
4709,INSTITUCION UNIVERSITARIA EAM,Principal,Privado,Institución Universitaria/Escuela Tecnológica,Quindío,Armenia,Carrera 14 3-11 Av. Bolivar,451101,Activa en la Fecha de Actualizacion,www.eam.edu.co
4710,FUNDACIÓN POLITÉCNICO MINUTO DE DIOS - TEC MD,Principal,Privado,Institución Técnica Profesional,Bogotá D.C.,"Bogotá, D.C.",Carrera 18 A No.137-80 Piso 5,2594087,Activa en la Fecha de Actualizacion,politecnicoindoamericano.edu.co
4714,FUNDACION INTERAMERICANA TECNICA-FIT-,Principal,Privado,Institución Técnica Profesional,Bogotá D.C.,"Bogotá, D.C.",Calle 36 15-63,7040760,Activa en la Fecha de Actualizacion,www.fit.edu.co
4719,FUNDACION DE EDUCACION SUPERIOR NUEVA AMERICA,Principal,Privado,Institución Técnica Profesional,Bogotá D.C.,"Bogotá, D.C.",Diagonal 47 Sur No.53-46 Barrio Venecia,7111063,Activa en la Fecha de Actualizacion,www.nuevaamerica.edu.co
4721,FUNDACION UNIVERSITARIA HORIZONTE,Principal,Privado,Institución Universitaria/Escuela Tecnológica,Bogotá D.C.,"Bogotá, D.C.",Calle 69 No. 14-30,7437270,Activa en la Fecha de Actualizacion,www.insutec.edu.co
4726,FUNDACION UNIVERSITARIA SAN MATEO - SAN MATEO EDUCACION SUPERIOR,Principal,Privado,Institución Universitaria/Escuela Tecnológica,Bogotá D.C.,"Bogotá, D.C.",Transversal 17 25-25,3309999,Activa en la Fecha de Actualizacion,www.fus.edu.co
4727,POLITECNICO INTERNACIONAL INSTITUCION DE EDUCACION SUPERIOR,Principal,Privado,Institución Tecnológica,Bogotá D.C.,"Bogotá, D.C.",Calle 73 No. 10-45,4005700,Activa en la Fecha de Actualizacion,www.politecnicointernacional.edu.co
4801,CORPORACION ACADEMIA SUPERIOR DE ARTES,Principal,Privado,Institución Tecnológica,Antioquia,Medellín,Calle 43 78-40,4112811,Activa en la Fecha de Actualizacion,www.corpoasa.edu.co
4803,CORPORACION POLITECNICO COLOMBO ANDINO,Principal,Privado,Institución Técnica Profesional,Bogotá D.C.,"Bogotá, D.C.",Calle 125 No 7c-62,5556969,Activa en la Fecha de Actualizacion,www.polcolan.edu.co
4805,CORPORACION TECNICA DE COLOMBIA -CORPOTEC-,Principal,Privado,Institución Técnica Profesional,Bogotá D.C.,"Bogotá, D.C.",Av. Ciudad de Cali 69A - 47,3173707085,Activa en la Fecha de Actualizacion,www.corpotec.edu.co
4806,CORPORACION CENTRO DE ESTUDIOS ARTISTICOS Y TECNICOS-CEART-,Principal,Privado,Institución Técnica Profesional,Bogotá D.C.,"Bogotá, D.C.",Calle 42 No.13-26,3405125,Activa en la Fecha de Actualizacion,www.ce-art.edu.co
4808,CORPORACION REGIONAL DE EDUCACION SUPERIOR-CRES-DE CALI,Principal,Privado,Institución Técnica Profesional,Valle del Cauca,Cali,"Calle 6 No. 30ª -23 Av. Roosevel, Barrio El Cedro",6826182,Activa en la Fecha de Actualizacion,www.corpocres.edu.co
4810,CORPORACION UNIVERSITARIA CENDA,Principal,Privado,Institución Universitaria/Escuela Tecnológica,Bogotá D.C.,"Bogotá, D.C.",Av. Caracas 35-18,2329084,Activa en la Fecha de Actualizacion,No disponible
4811,CORPORACION DE ESTUDIOS SUPERIORES SALAMANDRA,Principal,Privado,Institución Técnica Profesional,Valle del Cauca,Cali,Calle 17 A 121-399 Casa 75 A Pance,5552133,Activa en la Fecha de Actualizacion,www.cenda-cali.edu.co
4812,CORPORACION DE EDUCACION SUPERIOR SURAMERICA,Principal,Privado,Institución Técnica Profesional,Bogotá D.C.,"Bogotá, D.C.",CaLLE 136 Bis No. 103D-10,7443316,Activa en la Fecha de Actualizacion,www.lasmercedes.edu.co
4813,CORPORACION UNIFICADA NACIONAL DE EDUCACION SUPERIOR-CUN-,Principal,Privado,Institución Universitaria/Escuela Tecnológica,Bogotá D.C.,"Bogotá, D.C.",Carrera 5 12-64 La Candelaria,3813222,Activa en la Fecha de Actualizacion,www.cun.edu.co
4817,CORPORACION EDUCATIVA DEL LITORAL,Principal,Privado,Institución Técnica Profesional,Atlántico,Barranquilla,CL79 # 42F-110,3207450,Activa en la Fecha de Actualizacion,www.corpoedulitoral.edu.co
4818,CORPORACION UNIVERSITARIA LATINOAMERICANA - CUL,Principal,Privado,Institución Universitaria/Escuela Tecnológica,Atlántico,Barranquilla,Calle 58 55-24A,3444868,Activa en la Fecha de Actualizacion,www.ul.edu.co
4822,CORPORACION ESCUELA DE ARTES Y LETRAS,Principal,Privado,Institución Universitaria/Escuela Tecnológica,Bogotá D.C.,"Bogotá, D.C.",Carrera 12 70-44/46,5417173,Activa en la Fecha de Actualizacion,www.artesyletras.com.co
4825,CORPORACION INSTITUTO DE ADMINISTRACION Y FINANZAS - CIAF,Principal,Privado,Institución Técnica Profesional,Risaralda,Pereira,Carrera 6 24-56,3400100,Activa en la Fecha de Actualizacion,www.ciaf.edu.co
4826,CORPORACION UNIVERSITARIA REGIONAL DEL CARIBE -IAFIC-,Principal,Privado,Institución Universitaria/Escuela Tecnológica,Bolívar,Cartagena de Indias,"Pie del Cerro, Av.Pedro Heredia 18B-17",6665832,Activa en la Fecha de Actualizacion,www.iafic.edu.co
4827,"CORPORACION EDUCATIVA INSTITUTO TECNICO SUPERIOR DE ARTES, IDEARTES",Principal,Privado,Institución Técnica Profesional,Antioquia,Medellín,Calle 47 42-39,2175599,Activa en la Fecha de Actualizacion,www.institutodeartes.edu.co
4829,CORPORACION INTERAMERICANA DE EDUCACION SUPERIOR-CORPOCIDES,Principal,Privado,Institución Técnica Profesional,Santander,Bucaramanga,Carrera 26 50-73,6473939,Activa en la Fecha de Actualizacion,www.interamericana.edu.co
4832,CORPORACION INSTITUTO SUPERIOR DE EDUCACION SOCIAL-ISES-,Principal,Privado,Institución Técnica Profesional,Bogotá D.C.,"Bogotá, D.C.",Carrera 23 63 - 36,5441388,Activa en la Fecha de Actualizacion,www.ises.edu.co
4835,CORPORACION UNIVERSITARIA TALLER CINCO CENTRO DE DISEÑO,Principal,Privado,Institución Universitaria/Escuela Tecnológica,Bogotá D.C.,"Bogotá, D.C.",Autopista Norte Km. 19 (Via a Chia),6760448,Activa en la Fecha de Actualizacion,www.taller5.edu.co
4837,"CORPORACION UNIVERSITARIA DE CIENCIAS EMPRESARIALES, EDUCACION Y SALUD -UNICORSALUD-",Principal,Privado,Institución Universitaria/Escuela Tecnológica,Atlántico,Barranquilla,Carrera 53 59-70,3492619,Activa en la Fecha de Actualizacion,www.corsalud.cjb.net
5801,CORPORACION ESCUELA TECNOLOGICA DEL ORIENTE,Principal,Privado,Institución Universitaria/Escuela Tecnológica,Santander,Bucaramanga,Calle 41 10-30 Barrio Alfonso López,6349810,Activa en la Fecha de Actualizacion,www.tecnologicadeloriente.edu.co
5802,UNIVERSIDAD ECCI,Principal,Privado,Universidad,Bogotá D.C.,"Bogotá, D.C.",Carrera 19 49-20,3537171,Activa en la Fecha de Actualizacion,www.ecci.edu.co
9102,ESCUELA DE SUBOFICIALES DE LA FUERZA AEREA COLOMBIANA ANDRES M. DIAZ,Principal,Oficial,Institución Tecnológica,Cundinamarca,Madrid,Madrid (Cundinamarca),nan,Activa en la Fecha de Actualizacion,www.esufa.edu.com
9103,ESCUELA MILITAR DE AVIACION MARCO FIDEL SUAREZ,Principal,Oficial,Institución Universitaria/Escuela Tecnológica,Valle del Cauca,Cali,Carrera 8 58-67,4881000,Activa en la Fecha de Actualizacion,www.emavi.edu.co
9104,ESCUELA MILITAR DE CADETES GENERAL JOSE MARIA CORDOVA,Principal,Oficial,Institución Universitaria/Escuela Tecnológica,Bogotá D.C.,"Bogotá, D.C.",Calle  80  38-00 (Avenida Suba),3770850,Activa en la Fecha de Actualizacion,www.esmic.edu.co
9105,ESCUELA NAVAL DE CADETES ALMIRANTE PADILLA,Principal,Oficial,Universidad,Bolívar,Cartagena de Indias,"Barrio Manzanillo, Avenida El Bosque",6694295,Activa en la Fecha de Actualizacion,www.escuelanaval.edu.co
9107,ESCUELA DE INGENIEROS MILITARES,Principal,Oficial,Institución Universitaria/Escuela Tecnológica,Bogotá D.C.,"Bogotá, D.C.",Carrera  50 #18-06 Puente Aranda,4468011,Activa en la Fecha de Actualizacion,www.esing.mil.co
9108,INSTITUTO CARO Y CUERVO,Principal,Oficial,Institución Universitaria/Escuela Tecnológica,Bogotá D.C.,"Bogotá, D.C.",Calle 10  4-69,3422121,Activa en la Fecha de Actualizacion,www.caroycuervo.gov.co
9110,SERVICIO NACIONAL DE APRENDIZAJE-SENA-,Principal,Oficial,Institución Tecnológica,Bogotá D.C.,"Bogotá, D.C.",Carrera 13 No. 65-10,5944001,Activa en la Fecha de Actualizacion,www.sena.edu.co
9111,SERVICIO NACIONAL DE APRENDIZAJE-SENA-,Seccional,Oficial,Institución Tecnológica,Valle del Cauca,Cali,Carrera (Avenida Guadalupe) No.3 - 88,nan,Activa en la Fecha de Actualizacion,www.senavalle.edu.co
9112,SERVICIO NACIONAL DE APRENDIZAJE-SENA-,Seccional,Oficial,Institución Tecnológica,Antioquia,Medellín,Calle 51  57-70,nan,Activa en la Fecha de Actualizacion,www.senamed.edu.co
9113,SERVICIO NACIONAL DE APRENDIZAJE-SENA-,Seccional,Oficial,Institución Tecnológica,Cundinamarca,Mosquera,Km. 16 Via Bogota- Mosquera,nan,Activa en la Fecha de Actualizacion,www.sena.edu.co
9114,SERVICIO NACIONAL DE APRENDIZAJE-SENA-,Seccional,Oficial,Institución Tecnológica,Quindío,Armenia,Carrera 19  7-75,nan,Activa en la Fecha de Actualizacion,www.sena.edu.co
9115,SERVICIO NACIONAL DE APRENDIZAJE-SENA-,Seccional,Oficial,Institución Tecnológica,Valle del Cauca,Guadalajara de Buga,Variante Tulua- Buenaventura,nan,Activa en la Fecha de Actualizacion,www.sena.edu.co
9116,FUNDACION UNIVERSITARIA CLARETIANA - UNICLARETIANA,Principal,Privado,Institución Universitaria/Escuela Tecnológica,Chocó,Quibdó,Calle 20 No 5 - 66 Barrio La Yesquita,6711217,Activa en la Fecha de Actualizacion,www.fucla.edu.co
9117,ESCUELA INTERNACIONAL DE ESTUDIOS SUPERIORES - INTER,Principal,Privado,Institución Técnica Profesional,Bogotá D.C.,"Bogotá, D.C.",Av. Caracas No. 35-38,2320155,Activa en la Fecha de Actualizacion,http://inter.edu.co/
9119,CORPORACION UNIVERSITARIA AMERICANA,Principal,Privado,Institución Universitaria/Escuela Tecnológica,Atlántico,Barranquilla,"Calle 71 No. 41C -35, Edificio COSMOS, Bloque D.",3851027,Activa en la Fecha de Actualizacion,www.niamericana.edu.co
9120,FUNDACION UNIVERSITARIA BELLAS ARTES,Principal,Privado,Institución Universitaria/Escuela Tecnológica,Antioquia,Medellín,"Palacio Bellas Artes, Calle 52 No. 42-08",4447787,Activa en la Fecha de Actualizacion,www.bellasartesmed.edu.co
9121,FUNDACION UNIVERSITARIA COLOMBO INTERNACIONAL - UNICOLOMBO,Principal,Privado,Institución Universitaria/Escuela Tecnológica,Bolívar,Cartagena de Indias,"Centro, Calle de la Factoria 36-27",6600098,Activa en la Fecha de Actualizacion,www.unicolombo.edu.co
9122,UNIVERSIDAD MANUELA BELTRAN-UMB-,Seccional,Privado,Universidad,Santander,Bucaramanga,Calle de los Estudiantes 10-20 Ciudadela Real de Minas,6445323,Activa en la Fecha de Actualizacion,www.umb.edu.co
9123,UNIVERSIDAD ANTONIO NARIÑO,Seccional,Privado,Universidad,Huila,Neiva,Clle 7 #3-27 y Clle 19 #42-98,8719541,Activa en la Fecha de Actualizacion,http://www.uan.edu.co/design/sedes/home.htm
9124,TECNOLOGICO COREDI,Principal,Privado,Institución Tecnológica,Antioquia,Marinilla,Calle 30 #36-11,5690120,Activa en la Fecha de Actualizacion,www.coredi.edu.co
9125,UNIVERSIDAD DE ANTIOQUIA,Seccional,Oficial,Universidad,Antioquia,Santa Fé de Antioquia,Calle 9 7-36 Diagonal al Comando de Policia,8531743,Activa en la Fecha de Actualizacion,www.udea.edu.co
9126,CORPORACION TECNOLOGICA INDOAMERICA,Principal,Privado,Institución Tecnológica,Atlántico,Barranquilla,Carrera 46 Calle 57 Esquina,3697604,Activa en la Fecha de Actualizacion,www.indoamerica.edu.co
9127,CORPORACION UNIVERSITARIA DE SABANETA - UNISABANETA,Principal,Privado,Institución Universitaria/Escuela Tecnológica,Antioquia,Sabaneta,Calle 75 sur #34-120,3011818,Activa en la Fecha de Actualizacion,www.unisabaneta.edu.co
9128,LCI - FUNDACION TECNOLOGICA,Principal,Privado,Institución Tecnológica,Bogotá D.C.,"Bogotá, D.C.",Cra. 13 # 75-74,2174757,Activa en la Fecha de Actualizacion,No disponible
9129,FUNDACION UNIVERSITARIA CAFAM -UNICAFAM,Principal,Privado,Institución Universitaria/Escuela Tecnológica,Bogotá D.C.,"Bogotá, D.C.",AVENIDA CRA 68 #90-88,6468000,Activa en la Fecha de Actualizacion,www.unicafam.edu.co
9131,FUNDACIÓN UNIVERSITARIA CERVANTES SAN AGUSTÍN - UNICERVANTES,Principal,Privado,Institución Universitaria/Escuela Tecnológica,Bogotá D.C.,"Bogotá, D.C.",Calle 77#11-63,2120515,Activa en la Fecha de Actualizacion,www.unicervantes.edu.co
9132,FUNDACION UNIVERSITARIA CIEO - UNICIEO,Principal,Privado,Institución Universitaria/Escuela Tecnológica,Bogotá D.C.,"Bogotá, D.C.",Cra 5 N° 118-10,6371160,Activa en la Fecha de Actualizacion,no disponible
9899,INSTITUCION UNIVERSITARIA DE COLOMBIA - UNIVERSITARIA DE COLOMBIA,Principal,Privado,Institución Universitaria/Escuela Tecnológica,Bogotá D.C.,"Bogotá, D.C.",Carrera 7  35-85,2324070,Activa en la Fecha de Actualizacion,www.universitariadecolombia.edu.co
9900,CORPORACION UNIVERSITARIA U DE COLOMBIA,Principal,Privado,Institución Universitaria/Escuela Tecnológica,Antioquia,Medellín,Calle 56 #41-147,2398080,Activa en la Fecha de Actualizacion,www.udecolombia.edu.co
9902,FUNDACION UNIVERSITARIA COMFENALCO SANTANDER,Principal,Privado,Institución Universitaria/Escuela Tecnológica,Santander,Bucaramanga,Avenida González Valencia #52-69,6577000,Activa en la Fecha de Actualizacion,www.comfenalcosantander.com.co
9903,CORPORACIÓN COLSUBSIDIO EDUCACIÓN TECNOLÓGICA - CET,Principal,Privado,Institución Tecnológica,Bogotá D.C.,"Bogotá, D.C.",Calle 52A No. 9-76,2550617,Activa en la Fecha de Actualizacion,www.cetcolsubsidio.edu.co
9904,FUNDACION UNIVERSITARIA COLOMBO GERMANA,Principal,Privado,Institución Universitaria/Escuela Tecnológica,Bogotá D.C.,"Bogotá, D.C.",Avenida Caracas #63-87,5879730,Activa en la Fecha de Actualizacion,no disponible
9905,FUNDACION ESCUELA TECNOLOGICA DE NEIVA - JESUS OVIEDO PEREZ -FET,Principal,Privado,Institución Universitaria/Escuela Tecnológica,Huila,Rivera,Km.11 vía al Sur,8600117,Activa en la Fecha de Actualizacion,www.fet.edu.co
9906,CORPORACION UNIVERSITARIA PARA EL DESARROLLO EMPRESARIAL Y SOCIAL- CUDES,Principal,Privado,Institución Universitaria/Escuela Tecnológica,Valle del Cauca,Cali,Av. 6N No. 47-197,6518200,Activa en la Fecha de Actualizacion,NO DISPONIBLE
9907,FUNDACION UNIVERSITARIA NAVARRA - UNINAVARRA,Principal,Privado,Institución Universitaria/Escuela Tecnológica,Huila,Neiva,CALLE 10 # 6-41,8717770,Activa en la Fecha de Actualizacion,www.uninavarra.edu.co
9908,UNIVERSIDAD DEL VALLE,Seccional,Oficial,Universidad,Valle del Cauca,Guadalajara de Buga,Carrera 13 5-21,2370000,Activa en la Fecha de Actualizacion,HTTP://BUGA.UNIVALLE.EDU.CO
9909,UNIVERSIDAD DEL VALLE,Seccional,Oficial,Universidad,Valle del Cauca,Zarzal,Calle 14 N° 7-134 Barrio Bolivar,57 2 22091,Activa en la Fecha de Actualizacion,HTTP://ZARZAL.UNIVALLE.EDU.CO
9910,FUNDACION UNIVERSITARIA LUIS G. PAEZ - UNIPAEZ,Principal,Privado,Institución Universitaria/Escuela Tecnológica,Bogotá D.C.,"Bogotá, D.C.",Carrera 5 #65-50,3452497,Activa en la Fecha de Actualizacion,www.uniluisgpaez.edu.co
9911,UNIVERSIDAD DEL VALLE,Seccional,Oficial,Universidad,Valle del Cauca,Buenaventura,Av.Simón Bolivar Km 9 Contiguo al Colegio ITI,1,Activa en la Fecha de Actualizacion,www.univalle.edu.co
9912,UNIVERSIDAD DEL VALLE,Seccional,Oficial,Universidad,Valle del Cauca,Palmira,Carrera 31 Av. La Carbonera,2704760,Activa en la Fecha de Actualizacion,HTTP://PALMIRA.UNIVALLE.EDU.CO
9913,CORPORACION UNIVERSITARIA DE ASTURIAS,Principal,Privado,Institución Universitaria/Escuela Tecnológica,Bogotá D.C.,"Bogotá, D.C.",Carrera 18 No. 79-25,3174231476,Activa en la Fecha de Actualizacion,https://uniasturias.edu.co/
9914,"ESEIT - ESCUELA SUPERIOR DE EMPRESA, INGENIERÍA Y TECNOLOGÍA",Principal,Privado,Institución Universitaria/Escuela Tecnológica,Bogotá D.C.,"Bogotá, D.C.",Carrera 11 #80-57,5521860,Activa en la Fecha de Actualizacion,https://www.eseit.edu.co/
9915,UNIVERSITARIA VIRTUAL INTERNACIONAL,Principal,Privado,Institución Universitaria/Escuela Tecnológica,Bogotá D.C.,"Bogotá, D.C.",Carrera 19 71 A-23,7421994,Activa en la Fecha de Actualizacion,www.uvirtual.edu.co
9918,INSTITUCION UNIVERSITARIA CONOCIMIENTO E INNOVACION PARA LA JUSTICIA - CIJ,Principal,Oficial,Institución Universitaria/Escuela Tecnológica,Cundinamarca,Cota,Km 4 Vía Suba a Cota,6831062,Activa en la Fecha de Actualizacion,www.
9919,TECNOLOGICO DE ENERGIA E INNOVACION-  E-LERNOVA,Principal,Privado,Institución Tecnológica,Cundinamarca,Chía,Cra. 7 Km 17 Los Arrayanes,8844310,Activa en la Fecha de Actualizacion,www.elernova.edu.co
9920,UNIVERSIDAD NACIONAL DE COLOMBIA,Seccional,Oficial,Universidad,Nariño,San Andrés de Tumaco,Calle 44 N° 45-67,3165000,Activa en la Fecha de Actualizacion,http://www.tumaco-pacifico.unal.edu.co/
9921,FUNDACION UNIVERSITARIA CATOLICA DEL SUR - UNICATOLICA DEL SUR,Principal,Privado,Institución Universitaria/Escuela Tecnológica,Nariño,Pasto,CALLE 18 N° 56 -02,7216608,Activa en la Fecha de Actualizacion,www.
9922,FUNDACION UNIVERSITARIA COMFAMILIAR RISARALDA,Principal,Privado,Institución Universitaria/Escuela Tecnológica,Risaralda,Pereira,CRA. 5 N° 21 - 30,3172400,Activa en la Fecha de Actualizacion,www.uc.edu.co
9923,CORPORACION UNIVERSITARIA DE CATALUÑA,Principal,Privado,Institución Universitaria/Escuela Tecnológica,Bogotá D.C.,"Bogotá, D.C.",Cra 18B No 106 A-15,6372511,Activa en la Fecha de Actualizacion,www.udecatalunya.edu.co
9924,FUNDACION UNIVERSITARIA INTERNACIONAL DE COLOMBIA - UNINCOL,Principal,Privado,Institución Universitaria/Escuela Tecnológica,Bogotá D.C.,"Bogotá, D.C.",Calle 39A No. 19-18,7810645,Activa en la Fecha de Actualizacion,www.unincol.edu.co
9925,FUNDACION UNIVERSITARIA FCV,Principal,Privado,Institución Universitaria/Escuela Tecnológica,Santander,Floridablanca,Calle 155A No. 23-58 Urbanización El Bosque,6399292,Activa en la Fecha de Actualizacion,no informa
9926,FUNDACION UNIVERSITARIA INTERNACIONAL DE LA RIOJA - UNIR,Principal,Privado,Institución Universitaria/Escuela Tecnológica,Bogotá D.C.,"Bogotá, D.C.",Calle 100  19-61 Piso 8,5169659,Activa en la Fecha de Actualizacion,unir
9927,INSTITUCION UNIVERSITARIA DIGITAL DE ANTIOQUIA -IU. DIGITAL,Principal,Oficial,Institución Universitaria/Escuela Tecnológica,Antioquia,Medellín,Calle 42B   52- 106,3835160,Activa en la Fecha de Actualizacion,www.iudigital.edu.co/Paginas/default.aspx
9928,FUNDACIÓN UNIVERSITARIA SALESIANA,Principal,Privado,Institución Universitaria/Escuela Tecnológica,Bogotá D.C.,"Bogotá, D.C.",Avenida el Dorado No. 69-96,7462738,Activa en la Fecha de Actualizacion,https://www.salesiana.edu.co/
9929,UNIVERSIDAD AUTÓNOMA INDÍGENA INTERCULTURAL - UAIIN,Principal,Oficial,Universidad,Cauca,Popayán,Calle 78N - Carrera 19N Urbanización La Aldea,8240343,Activa en la Fecha de Actualizacion,www.uaiinpebi-cric.edu.co
9930,INSTITUCIÓN UNIVERSITARIA COMANDO DE EDUCACIÓN Y DOCTRINA - CEDOC DEL EJÉRCITO NACIONAL,Principal,Oficial,Institución Universitaria/Escuela Tecnológica,Bogotá D.C.,"Bogotá, D.C.",CALLE 102 NO. 7-80 CANTON NORTE,3150111,Activa en la Fecha de Actualizacion,www.ejercito.mil.co/?idcategoria=221634
9931,FUNDACIÓN UNIVERSITARIA PATRICIO SYMES,Principal,Privado,Institución Universitaria/Escuela Tecnológica,Bogotá D.C.,"Bogotá, D.C.",Cra. 16 No. 70a-68,2172183,Activa en la Fecha de Actualizacion,no disponible
9932,FUNDACIÓN UNIVERSITARIA SAN PABLO - UNISANPABLO,Principal,Privado,Institución Universitaria/Escuela Tecnológica,Bogotá D.C.,"Bogotá, D.C.",Calle 170 No. 8G-31,6 71 1221,Activa en la Fecha de Actualizacion,www.unisanpablo.co
9933,UNIVERSIDAD NACIONAL DE COLOMBIA,Seccional,Oficial,Universidad,Cesar,La Paz,Carrera 45 #26 - 85,3165000,Activa en la Fecha de Actualizacion,http://delapaz.unal.edu.co/
9934,CENTRO DE ESTUDIOS AERONÁUTICOS - CEA,Principal,Oficial,Institución Universitaria/Escuela Tecnológica,Bogotá D.C.,"Bogotá, D.C.",Avenida el Dorado N°. 103 - 23,4251000,Activa en la Fecha de Actualizacion,www.centrodeestudiosaeronauticos.edu.co/cea/
9935,UNIDAD TECNOLÓGICA DEL MAGDALENA MEDIO - UTEM -,Principal,Privado,Institución Tecnológica,Santander,Barrancabermeja,Calle 55 # 19-25,6024379,Activa en la Fecha de Actualizacion,www.utem.edu.co
9936,CORPORACIÓN UNIVERSITARIA AUTÓNOMA DEL NORTE,Principal,Privado,Institución Universitaria/Escuela Tecnológica,Norte de Santander,San José de Cúcuta,AV 2 # 13-30,7557153,Activa en la Fecha de Actualizacion,www.unanorte.com
9937,CORPORACION TECNICA PROFESIONAL CAMINOS DEL SUROCCIDENTE COLOMBIANO,Principal,Privado,Institución Técnica Profesional,Cauca,Timbío,calle 15#19-19 barrio centro,3136316976,Activa en la Fecha de Actualizacion,www.corpocaminos.edu.co
9938,UNIVERSITARIA DEL CHICAMOCHA,Principal,Privado,Institución Universitaria/Escuela Tecnológica,Santander,Bucaramanga,calle 62 #27-126,3176490529,Activa en la Fecha de Actualizacion,www.unich.edu.co
9939,FUNDACIÓN UNIVERSITARIA CATÓLICA DEL CARIBE,Principal,Privado,Institución Universitaria/Escuela Tecnológica,Atlántico,Barranquilla,"Calle 75B No, 42F-83",3600047,Activa en la Fecha de Actualizacion,www.unicatolicaribe.edu.co
